text,label
menteri pendidikan leonardo menteri sosial ,2
,0
menteri ,1
mantap ,1
turah ,2
aamiin semangat iya ,2
aamiin ,2
iya cocok leo menteri sosial menteri pendidikan ,2
turah menteri kebudayaan ,2
update donasi ditutup dana terima kasih membantu doa donasi semoga sehatsehat yaa update cek damianus ,2
biar mencari ,1
nitip peluru kendali raksasa ,0
doa ,2
kirimnya jakarta bantu2 pingin banget misi kemanusiaan ,2
ko membantu of ,2
cek ,1
uang ,1
cek mantap keren ,2
banget sm leo inspirasi motivasi as a semangat belajar orang ,2
motivasi belajar ko orang malesan ajav ,2
iya weh rebahan main orang ,2
terjungkal terguling terperosok tersleding ,1
thank you leo provinsi semoga pendidikan ntt pemerintah ,2
banget ko leo semoga dilancarkan ko leo semoga berkatnya melimpah ko leo orang ,2
ayo manteman donasi donasinya lakukan nya lele donasinya ,2
damianus kak ,1
damianus ,1
banget orang timur kah kalimatnya semangat konten konten ,2
sih sekolah manggarai barat orang tua hidup semoga orang respect ,1
banget tementemen belajar terima kasih ko semoga tementemen doa ,2
semoga bapaknya rezeki berdonasi semoga ,2
suka banget sm konten banget lihat ko leo perantara semoga diberkati memberkati orang gbu semoga damianus sehat dilancarkan ,2
semangat teman teman belajar orang ,2
tergerak semangat belajar semangat ko leo indonesia butuh menggerakkan semoga dimudahkan ko ,2
banget yaampun bagus ayo semangat pribadi ,2
emojinya respon lope ko leo ,1
orang merugikan semangat lele ,2
lele ,0
jaga ,2
ikan ,0
lihat indonesia timur sekolah layak susah pemerintah layak rakyat indonesia sa samua orang jakarta jang samua samua memadai sa orang timur orang jang anggap anak2 timur terima kasih asrama adek2 sekolah rumah donasi asrama salam terima kasih leo inspirasi ,2
motivasi banget disana semangat cita cita banget disana kak leo jugaa ,2
maaf iya kak leo berdonasi doa damianus donasi nya asrama nya nyaman aamiin salam jakarta ,2
kelas ,1
tugas membantu masyarakat mengedukasi ,2
semoga lele tetep lingkungan menginspirasi orang iya support kamuu sehat damianus lele ,2
orang ntt kawan2 peduli kakak bless you ,1
ko leo thank you ko open donasinya yaa ko semoga ko yaa koo jaga damianus semoga dilancarkan rezeki nyaa semoga anakanak asrama damianus anak anak ,2
kali lihat ko leo bangett nya koko bgtt ,2
donasi target aamiin tolong iya ,2
to labuan menampilkan labuan ditampilkan keindahan destinasi wisatanya pendidikan kak ,2
suara hahaha semangat leo ,1
sungguh mulia lele lele membantu ,2
donasi donasi uang ,2
semoga dana ,2
ngerasa orang suka malesan bless ko semoga konten kayak aamiin ,1
semangat kak lele bikin semangat iya kak konten kali bikin ,2
banget ko leo upload tertawa sehat tetep jaga ko semangat ,2
sdah berkunjung flores island ,2
kerenn inspirasi anak nya indonesia ,2
terima kasih ko perantara semoga donasi mencapai target berguna amin ,2
so of you ,2
kak leo terima kasih gbu iya manteman ,2
semoga calon mentri pendidikan terketuk membantu ,2
layak malesan ,1
keep inspiring bless you ,2
orang ntt banget lele ntt ,2
anak ntt kepedulian gbu ,2
donasi uang ,1
nya kak ,1
semangat lele and ,2
logat lele orang flores ,2
waww manggarai semangat abng ,1
banget thankyouu ko leo ,2
sehat rezeki ,2
sehat iya semoga ,2
lele upload respect ,2
sharing this and ntt terbantu bless all ,1
semangat ,2
sih semangat belajarnya difasilitasi layak ayo bismillah ,2
ko ditunggu ,2
terima kasih lele daerah semoga orang orang tergerak membantu gbu leo orang2 ,2
leo terharu ,2
terima kasih semoga orang nonton membantu berdonasi berdonasi ,2
salam ntt ko leo ,1
ko leo orang orang tua banget ,2
ko leo ,2
donasi uangmu skip ,1
cinta deh ,2
terima kasih leoo sharingnya interior designer pingin leo butuh idediskusi pemenuhan utamanya disesuaikan dana ,2
ayo sisihkan uang bosan gbu ,2
terima kasih sumbangan adik leo ,2
i you this orang ,1
iya orang nya ,1
this this willbegone deh ,1
terima kasih saudara ,2
nyaa over so the you this over bagus ,2
iya deh fix ,1
indonesia anak2 maju ,2
astaga suara nya banget ,1
semoga konten viewers vidio membantu asrama disana ayo ,2
orang manggarai barat terima kasih kakak membantu memberkatimu ,2
respect you ,2
salam kenal subscriber ntt ,2
im so of you ,2
lele the ,2
bagus job banget lakukan belajar channel sehat iya ,2
iya ,2
trend trend trend trend ,1
semangaat ,2
keren terima kasih iya jaga ayo leo menambah amal tinggal cek nya leo ,2
terharu banget definisi membangun indonesia ,2
tetep jaga ,2
of you lele ,2
sehat ,2
orang2 baikk ,2
bikin kayak ,2
gunung ,1
banget lihat anak nya baikk of you kakak leo bless you ,2
semangat sehat yaa ,2
gbu lele ,2
lelee ,2
semoga sahabat disana iya note900 subscriber susah iya ,2
salam leste ,1
thank you leo respect kaya semoga ,2
semangat semoga uang donasi nya semoga ,2
semangat lele ,2
terima kasih warga ntt abang ,2
semangat koo ,2
sehat terharu ,2
so you semoga ,2
semangatt ,2
of you ,2
warga flores leo logat lokal lele ,2
sekolah sederhana belajar mencapai ayo uang membantu orang menambah amin iya semangat anak anak sekolah nusa tenggara timur indonesia ,2
ko semoga ko teman teman lakukan ,2
pok pok pokk pokk ,0
public bosan ko leo banget motivasi pelajaran hidup subscriber ko leo nya inggris langsung ko leo mengedukasi ko leo upload nya ko leo orang jadikan panutan pelajaran kadang banget pelajaran nya ko leo beruntung banget ko leo orang suka im so of terima kasih subscriber orang peduli susah banget ko doain berkah dimudahkan kegiatan lakukan ,2
terharuu lelee semoga sehat ,2
kali ,1
nonton kak leo kakak vlog kakak batu bertemu kak leo terima kasih vlog menginspirasi orang semoga kakak sekeluarga diberkati salam warga labuan ,2
terharu banget semoga anak2 disana belajar diberkati ,2
terharu belajar nonton vidio nya semangat belajarnya biar orang membantu orang perubahan masyarakat pendidikan pendidikan mencapai perubahan sih ,2
konten sehat ko sehat damianus murid2 disana ,2
banget belajar ,2
leo flores flores leo ,2
kenal leo ,2
keren ,1
semangat leo semoga ,2
leo ,2
belajar tinggal kota kota rumah layak semangat ,2
terima kasih ko semoga rezeki melimpah bless you ,2
semoga donasi biar bagus aamiin ,2
bravo leo donasi mencapai target ditutup keep doing bagus bless you ,2
leoo ,1
ko leo dimanapun daerah keren sih ,2
kak leo terima kasih banget ,2
sehat sehat orang ,2
leo semoga maha berkati ,2
respect lele ,2
terharu banget ,2
teman teman orang ntt jakarta kemarin sekolah asrama flores kayu rumah naja lihat masing2 anak asrama rumah uang asrama asrama naja rumah naja rumah tinggal anak sekolah rumah naja semangat belajar anak desa ,1
terima kasih iya kak teman banget tinggal disana semoga sehat iya kak ,2
konten ,1
setia ,1
leo bikin ,1
banget kakak leo nya terharu banget lihat semangat iya kakak leo jaga bless you ,2
memberkatimu damianus anak2 sekolah disana ,2
leonardo anak suka orang flores manggarai terima kasih manggarai barat berkati ,2
lele logat banget si ,2
upload ,2
of ko lele banget lihat ,2
terima kasih ,2
semangat damianus ,2
banget nge sm ,2
semangatt support kamuu ,2
flores mna kak ,1
sumpah weh belajar orang hidup tinggal rebahan malesan ngeluh jadikan kali lele ,2
iya orang kayak membantu nge leo kenal oh iya moga turah ,2
donasi target ,1
terharu kakakkakak disana semangat belajar belajar kakakkakak ko ,2
lele langsung iya tertawa ,1
terima kasih menggerakkan semoga amin ,2
konten kakak lele ,1
lele of ,2
calon mentri pendidikan semoga mensejahterakan pendidikan lele orang membantu mensejahterakan pendidikan ,2
difasilitasi pemerintah listrik tinggal belajar ,2
semoga yaa ,2
lele kabupaten manggarai ,1
leo banget lihat ,2
lele update iya banget lihat ,1
banget lihat ko semoga orang iya ko jesus bless ,2
banget ,2
sehat iya ,2
lele down to earth banget ,2
mantap leonardanak sosialisyoutuber peduli ,2
kak leo nya cocok reporter tv indonesia ,1
lele manggarai ,1
lele kayak pejabat kali bikin banget ngerasa nyaman sekolah ,2
lele upload ,1
im so of you kakak kakak pernh rasain hidup susah kakak kakak kak semoga kakak memperhatikn orng susah membutuhkan kakak jesus belss you kak ,2
berbuat to the orang project semoga nya bagus amin ,2
leo sih terharu banget deh ,2
keren gbu salam ntt ,1
ko leo sedih ,1
kak ,1
kakak leo ,2
fase fase semangat kakak manusia manusia ,2
nonton dana nya semoga dananya berguna kehidupan sekolah anak2 disitu kaya kaya donasi berguna nya ,2
disana asrama rumah anak asrama makan kadang makan ,2
lele lele orang iya ,1
lele ntt to lele you ,1
sehat ko leo ,1
suka konten kaya ,1
bagus banget ,1
amal lele ntt ,2
suara lele banget kaya nya ,1
kak leo deh logat timur kakak logat timur kali timur iya nya kakak kakak iya kakak iya to sekolah sekolah ,1
tim tertawa ,2
semangat kak and ,2
suka biar ,2
bless you lele ,2
ngerasa leo kayak ,1
ayo belajar bagus uangnya g ,2
hear leos voice shaking its trully his deepest ayo tmen rezeki donasi cek story ,2
leo mengunjungi labuan semoga sehat salam ,2
serius2 nonton ko lele pok pok ,1
semoga kakak leo ,2
salutt influencerinfluencer mengekspos flores menunjukan flores ,2
labuan saudara mengunjungi ntt semoga indonesia tercinta ,2
safe ,2
menginspirasi berkarya ,2
leo logat lokal ,2
donasi nya buatkan vlog ,2
ko deh tertawa ,2
sekolah orang belajar ,2
lele nya segitu daerah ,1
bagus idea leo ,2
denger ,1
ntt ,2
malam semoga bantuan membantu gbu ,2
nonton ,1
tim kmpul ,1
iya allah sekolah malesan semangat banget belajar ,2
lele sopan banget nya respect ,2
hidup ngeluh maunya maunya orang semangat moga ,2
berkunjung daerah semoga abang diberkati ,2
semangat kakak ,1
lele terharu banget kayak ,2
youtuber konten orang ,2
bikin iya ,2
aroma aroma ,1
mantaappoolaahh ,1
terima kasih kakak timur ,1
terima kasih lele manggarai ntt ,2
terima kasih iya ,2
banget sm lele ,2
to a ,2
nya bagus banget ,1
cep cep ,1
denger suara ny iya tertawa ,1
kak kesempatn main ambon kak ,1
suka bangett ,1
banget sih banget belajar terima kasih ,2
asrama desa ,2
bar bar banget ,1
bot ,1
asrama iya ,1
bagus job koo ,2
respect ,2
mantap ko leo ,1
respect kak leo ,1
bikin sekat ,2
guaa telatt ,1
tumben ,1
kak leo sederhana ,2
donasi kpop ulang gedemasa donasi sebangsa setanah ,2
kakak flores flores kakak ,2
cuma ,1
pround of you ,2
terharu bangett ,1
salam ,1
skip ,2
mantap anak asrama ,1
kak manggarai timur semoga kakak main ntt flores manggarai timur ,2
thank iya kakak leo ,1
dana buatkan orang nyaman anak2 lihat teman nyaman terima kasih ,2
salam manggarai ,1
semoga pemerintah daerah menonton ,2
uang donasi nya biar nyaman nya anak asrama semangat deh terharu deh semangat lele online nya ,2
ayo ,2
semoga sumbangan kasih ,2
wih leo ,2
lele bgtt ,2
tertawa ,1
mentri pendidikan ,2
w anak flores orang asrama modelan terima kasih ko menginformasikan lihat dikotaku sih tmn kelas smkku tinggal modelan iya asrama terima kasih ko membantu saudara ntt ,2
indonesia timur maju iya ,2
kompor minyak minyak banget ,1
flores kompor ,1
trmaksih berkunjung flores mnggarai barat ko letrmksiih ,1
anak2 ntt sekola anak2 sekola mencari asrama orang tua nya anak2 ntt sekola utuk ,2
salam floreslembata ko lele ,1
skip biar donasi ,1
perna ,2
donasi nya nya kasih setuju like ,2
kemarin gunung prau gagal ,1
terima kasih leo ,1
ko ,1
salam ntt lele ,1
you ,1
rumah ,1
deh uang banget saking nya tahan ,2
iya pookk pookk pookk nya ,1
tumben banget upload ,1
tumben banget ,1
salam ntt ,1
deh kali kak leo iya ,1
banget iya ,2
kak kak turah ,2
mantap lelee ,1
nya upload ,1
terharu ,2
terharu nonton ,2
lembor kak ko labuanbajo ,1
ayo donasi skip ,1
haii salam ntt gbu ,1
lele ntt ,1
lele keren ,2
saudara plosok flores ,1
mantapp ,2
lihat bapaknya kayak ,2
lele kerenn ,2
kak pergi ,1
ditutup biar banget semoga ikutan ,2
mohon kalsel ,2
leo youtuber ,2
to ntt kakak leo ,1
renov bngunan ost mhlkamar leo dbuat layakkayaknya kmr layak deh ,2
biar belajarnya ,2
lele iya ,1
galfok ,1
gunung kakak ,1
sayang leo ,2
mangrai barat ohh ,1
terlambat donasi iya ,1
alor lelee ,1
kangen leo ,2
suka lele youtuber iya ,2
ngemil ,1
keren anak anak ,2
tinggal flores ,1
lele orang nya ,1
lele waddaapp ,1
deh ,1
rumah kayu ,1
lihat ,1
ayo sisihkan uang mu berdonasi asrama damianus semangat tinggal ,2
kakak ,1
tinggal ntt ,1
ko leo kasih ,1
kakak pergi kakak ,1
pemerintah disana donasinya biar layak anak sekolah ,2
suka ,2
ayo skip ayo ,2
ntt flores ,1
lope sekebon ,2
bamng ilham ,1
terlambat nonton erwin iya erwin ,1
saos tiram ajinomo ,0
terlambat ,1
pikir anak ,1
p kayak ,1
temenya jeromy ,1
leelee ,1
oo ,1
si ,1
maaf ,1
asrama belajar desa tolong kasih yaa fasilitasi asrama maju pendidikan indonesia ,2
okey ,1
banget belajar desa ,2
bantuin sekolah desa kalsel desa kabupaten selatan provinsi kalsel bikin adek2 ,2
harapan ko ko hidayah ko ko ,0
ayo ayo ,2
terima kasih orang ,2
bless and saudara semoga orang ,2
sih ,1
semangat pendidikan pikirkan lakukan semangatt ,2
saudara lele ayo berkunjung daerah butuh bantuan ,2
ajak ko leo ,1
kakak leo esrama kabupaten sabu ntt kakak esrama sabu esrama butuh bantuan kakak ,2
the ,2
donasinya ,2
tercinta ,2
kak w ,1
lele im of youu keren banget ,2
semoga koko saluran anak anak berkati ,2
orang ko ,1
leo iya ,1
bikin tim gabung tertawa public pemberdayaan kali bantuan pemberdayaan masyarakatnya indonesia ,2
berkati ,2
iya gabung ,2
abang leo nya ,1
iya jesus ,1
makan warga banget ngerasa si makan ,2
makan bubur nya lele bubur ,1
wkwkwkwm iya ,1
suka konten safe healthy ,2
gbu leo ,2
gbu ,2
ruang niatan jadikan leo the ba ,1
zenius ,1
zenius woi ,1
enu enu enu ko pu kakak damianus orang ntt bertamu fix tamu leo bless you diberkati ,2
trimakasih asrama pendidikan manggaraiflores semoga leo membantu orang manggaraiflores leo membantu leo ,2
damianus kakak me leoo anggap anak disitu ,2
leo koko si kagok pamggil ,1
kangen langsung anak oo ,1
terharu bangett liatt damianus anakanak liatt lele thankyouu open ,2
leo terharuu makasii lele ,2
lele his ciri khas ,2
orang sok inggris ,1
nya astaga isinya belajar ,1
iya iya ,1
salam anak ntt leonardo generasi ,2
makasii lele banget makasii bangett lele makasii of you ,2
i the so great ,2
orang tua leo anak panutan mantap ,2
alhamdulillah menginspirasi orang orang ,2
alhamdulillah ,1
islam alhamdulillah ,1
alhamdulillah salam ,1
nonton leo semangat iya jaga safe ko leo ,2
belajar desa lele ,2
saae bagong ekhm ,0
pemerintah nya ,0
lele nonton lele banget orng semangat ,2
banget cerita kangen ,1
banget ko ,2
thank you so much this damianus project saudara ,2
a you inspiring me terima kasih doing this im so of you salah ,2
banget orang tua leo salah anak perubahan bless leo ,2
thank you ko leo ngerasa banget koko semoga pribadi ko leo aamiin ,2
humble cinta sayang orang tua sayang ,2
terima kasih leo saudara labuan orang manggarai kasih leo memberkati ,2
suka konten anak lele semoga lele diberkati orang ,2
thank you leo dananya tersalurkan semangat iya berbuat teman bantuan langsung ,2
negara butuh orang orang banget lele tolong bantuin doain lele sehat lele berkarya inspirasi terima kasih lele ,2
iya bagus job ,2
lele pamit damianus nya berkacakaca semoga time vlog flores iya banget damianus lele berkunjung ,2
indonesia butuh langsung membantu rakyat leo ,2
terima kasih donasi abang leo sehat semoga dilancarkan ,2
of lelee perantara lancar yaa semoga ,2
anak menginspirasi kepedulian keren leonardo ,2
banget anak menginspirasi sehat yaa leo ,2
terharu bangett lihat damianus anakanak asrama lele terima kasih iya donasi kayak bikin kangen ,2
this the of i to of as ,2
thank you koko kasih tim2 donasinya koko tim2 bless you all ,2
terima kasih orang pemerintah nya ,2
mantap boss ,1
makan uang ,1
im so of you tetep iya ,2
canda semangat moga ,1
lele cerita iya ,1
ko leoo semoga teman sanaa ,2
orang lele yesus berkati lele ,2
lele semoga pendidikan indonesia aamiin ,2
banget ko safe ,2
banget lele semoga iya ,2
so of ,2
banget leo iya ,2
yesus memberkati sllu lele usahamu ,2
terima kasih deh keep and a blessing iya ,2
diberkati leo flores bless leo damianus anak2 asrama flores sehat ,2
banget si ,1
terima kasih lele anak anak2 sehat iya ,2
lelee yaa of bless you ,2
banget pelajaran keep spirit ko leo ,2
ko leo semangat yaa upload ,2
lihat lele gunung suka mantap ,1
flores ,1
thank you so much lele andil salah pendidikan indonesia memberkati ,2
suka vlog kaya ,2
semangat bless ,2
huaa terharu ,1
lihat anak sosial saluran iya ,2
orang ,2
sm damianus ,2
koo leoo of you orang orang andil donasi terharu banget ,2
orang pikirkan ,2
of you lele bangett salah kamuu sehat2 ,2
kerenn leo leo orang orang orng berguna ,2
thank you jesus bless ,2
jesus bless you ,2
inspiring job keep spirit and healthy ,2
konten im so of you leo ,2
i respect ,2
keren banget sih keep doing bagus things iya ,2
leo sayang banget sopan beradaptasi bagus akhlaknya sumpah sihh ,2
damianus enu enu ,1
you leo ,2
keep spread vibes yaa le3 ,2
of gbu to a blessing ,2
koko menginspirasi anak kali koko semoga main ntt ,2
keren iya langsung baskom rumah nasi langsung baskom jugaa makan iya makan ,2
semangat yesus ,2
bagus job kak mencari orang susah orang orang ,2
halilintar konten nya komen konten nya komen v ,1
lele gais sekrang ,1
oh thank you leo ,2
banget lele teman perbaikan asrama ,2
makan pandemi ,1
kangen ,1
bless ,2
rt camat sih kayak ,1
banget lele diusia sehebat itueksplor donasi damianus lele menghargai orang lele temuin disana walapun kenal anak biar kayak lele baikk banget orang orang youtuber deh kedepan lulus kuliahnya banget belajar lele lele the ,2
upload iya kemarin memberkati ko ,2
iya lau ,1
semoga kak leo selatan kabupaten selatan provinsi nusa tenggara timur ntt ,2
keren banget menginspirasi ,2
semangat leo diberkati yesus ,2
inspirational ,2
of you ko ,2
jesus bless ,1
terharu lele banget terima kasih lele perantara tementemen uangnya amal sehat ,2
terima kasih koko manggarai koko jesus bless you ,2
terharu leo sumpah ,2
banget bapaknya semoga lulus hihi ,2
saking happynya mewek trimakasih orang2 anak2 kayak lele terimakasihnetizen ,2
lele of you ,2
thank you ,1
the moment yaa ,1
keren banget jesus bless ,2
of you kak leo bless you ,2
oh safe ko ,2
bagus bless you orang menginspirasi ,2
banget leo bless you ,2
semoga saudara disana anak kelak bagus banget ,2
ko leo semoga berkah ,2
lulus laginya iya tertawa ,2
terima kasih lele menginspirasi ,2
demage leo behh ngotak omongan berdua ,1
keren banget langsung masyarakatnya langsung ,2
makan kakak sehat2 yaa ,2
banget ko lele sehat orang kangen ,2
ko leoo makasi of you sehat yaa semoga koko ,2
bagus job gbu semoga berkatnya iya channel amin gbu ,2
keren banget lele langsung down to earth maaf nonton ,2
nyanyi sumpah orang ,2
semoga disana semangat belajarnya ,2
respect keren bless ,2
of youu ,2
semoga anak2 menginspirasi ,2
semangat kakak lele ,2
banget banget membantu orang ko leo kayak membantu membantu disana ,2
mantap ko leoo semoga ngalir ,2
lele iya terharu ,2
thank you and pround of you ,2
sehat leo anak ,2
orang orang lele menginspirasi ,2
sehat semoga rezeki ,2
bless lele ,2
nyanyi sabang merauke ,2
membumi iya menginspirasi ,2
aduh banget kakak leo nyubang bp damianus bp asrama nya semangat iya kakak semoga allah rezeki ,2
membutuhkan anak menginspirasi ,2
semangat kak leoo berkati ,2
semoga ,2
anak pendidikan ntt makasi leo ,2
semangat orang semoga orang ,2
makasi makasi ko ,2
teman orang injak dikejar pemilik nya ,1
abang donasi kayak ,1
membantu memberkati ,2
great things the ,2
lele humble sumpah ,2
haii ,1
sehatyaa ,2
yesus memberkati ,2
bangett bangett bangett ,2
mantap anak menginspirasi iya ,2
lele memberkati ,2
lihat kakak leo ,2
terima kasih lele semoga anak2 ntt ,2
orang orang ,2
vlog damianus ,2
trimakasih semangat yesus usahamu ,2
semoga kaya leo aamiin ,2
keren lele deh perhatian lingkungan leo semoga ,2
semoga kpn2 iya ledisana asrama renofasi ko leo ,2
lele so inspiring bismillah jodoh kayak lele ,2
inspiring leonardo ,2
semoga kakak vidio aamiin ,2
orang terharu banget lihat kaya indonesia semoga leo membantu pendidikan ,2
semoga leo membantu orang membutuhkan ,2
menginspirasi masyarakat timur daerah timur belajarnya memadai flores ntt orang flores terharu lakukan ,2
deh lele teman peduli pendidikan anak indonesia daerah ntt yesus memberkati kehidupan lele diberkati ,2
berkah iya banget sm ,2
berguna orang berguna orang ,2
i want to a of you broyour ,1
memberkati mu ,2
banget lele ,2
keren banget lele ,2
salutt bgtt leo ,2
semangat adik ,2
iya kegiatan ikutan ,2
sehat kak leo moga ,2
makasi leo menginspirasi ,2
lele banget safe yaa ,2
terima kasih orang bless ,2
of ,2
suka banget vlog ,2
bless you ko ko leo ,2
semoga nya ,2
lele sehatsehat iya menginspirasi orang ,2
bagus pemandangan nya pemandangan ,1
wih mantap nya ,2
viral mendidik semangat kak leo membantu inspirasi anak ,2
sykurlah ,1
semangat kak ,2
cantik cantik salam jawa ,1
kangen makan warga ,2
ntt selatan indonesia donasi ,2
orang banget kenal ko leo ,2
desa nya yaa flores tahunan semarang tamat rinduh aksen flores ,2
ko leo banget ko leo ,2
ajak ko leo biar ,1
lele keren banget keren ,2
bless you ,2
menginspirasi ,1
semangat semoga berkah semoga lancar salam rahayu rahayu rahayu salam ,2
duluaann ,1
jodoh leo mulia banget bangett ,2
makasi ko ,2
terima kasih iya manggarai asrama layak ,2
ditunggu ,2
great job leo ,2
lesemoga keberkahan melimpah lelekemandirian lele kesederhanaan bnr2 ,2
yesus memberkati ko leo orang amin ,2
mantapp ko leoo ,2
healthy saudara leo ,2
nge ,2
berisi merunduk pandai selalulah ,2
iya pikir tertawa ,1
gila sih ,1
lele makan ,2
salam anak flores ,2
so ,2
sekolah nagekeo labuan nagekeo bagus desa listrik ,2
terima kasih ardoudh membantu labuan gbu ,2
mantap kak leo ,2
langsung ,1
bless you orang ,2
dirumah deh gara2 konten nyawa bray pejabatorang kayamemang ganas virus nya gara2 varian delta ,2
lele v ,1
terima kasih banget bless you ,2
banget lihat vlog nya lele ,2
terima kasih berkunjung keflores smoga sgala karir pndikan lancar ,2
senyum senyum ,1
ko lele merch lele ,1
biaya pendidikan inggris ,1
anak2 ntt ,2
bagus job lele deh ,2
kak leo kak qania kak qania ,1
qania ,1
nyanyi sabang merauke kayak yaa ,2
kerenn ,2
leonardo ,2
upload tolong ,1
semangat bikin nya ,2
mantap salam manggarai ,2
hii terlambat dikit akun ,1
gila banget kamera ,1
beruntung banget kenal ko lele diberkati koo ,2
orang2 ntt ,1
keren banget bless you ko ,2
mentri pendidikan lele mentri ,2
waddap ,1
lele tertawa ,2
thank ,2
bagus ,1
lakukan kakak lele bagus pendidikan indonesia skip iya ,2
semangat kak leo jaga marah ,2
angkat berbuat inspirasi generasi anak ,2
mencari cowo kayak lele fix mencari cowo lele ,1
orang gabah tinggal gabah bertahan iya beli sedih ,1
semoga kaya deh biar sedekah sedekah sedekah orang kaya beda si maaf salah huaa ,1
lele beda ,1
covid ,2
mantap leo ,2
salah sih jadikan cita cita hidup kemari dimanapun keren banget lele butuh tim kemari biar angkat banget hidup kayak ,2
yesus berkati ko ,2
konten si konten prank prank ,1
sayang lele ,2
semoga kelak mentri pendidikan leo ,2
leo mentri pendidikan ,1
teman hidup kayak ,1
lele keren bgtt ,2
anak inspirasi anak anak ,2
mantap ko ,2
salutt banget kakak ,2
yaampun konten bagus banget lihat banget viewers nya ,2
iya giliran ,1
motor ,1
mantap bu risma semoga bikin data ganda korupsi lolos ,1
bu bansos sasaran ,2
bismillah smoga risma sehat aamiin ,2
kaya orang suka lempar jakarta ,1
maju tanggap sehat amin ,2
anies ketinggalanyg deh belanja online deh ,0
kemakmuran kaum negara ditentukan pemerintahannya besidelman kudanya besimotor akte kakak pns teman saudara masyarakat perihal berbulan bertahun uang langsung berhadapan membayar ditetapkan peraturan apbn diketahuin disegala lini aspek lembaga negara dpr partai ormas kementrian kejaksaan pengadilan bumn bumd camat lurah preman makelar jaro berkuasa korupsi ,1
iya daerah jawa barat bikin uang desa kelurahan langsung ,1
i ,1
sosial pemerintah provinsi dki jakarta update data ,1
alur sih pemerintah daerah data penduduknya dicocokin mencocokan data data penduduk sebelumnyaklo kesalahan data dllkementerian pemerintah daerah perbaikan ,1
setuju simple dki mensos slng perbaikan orang bmyk abang warga dki bnr2 pandemi salah sasaran ,1
iya pemerintah provinsi sosial ,1
rt lurah pemerintah daerah ,1
sosialnya mblegedes uang nglentem alias anteng iya iya ,1
pikir kemensos sosial pusat daerah kota datanya sosial pikir nya ,1
nya anies nya data kemensos nya amburadul lyak lyak biar dki anggap slah slah nya kemensos ,1
sosial kota ajaprovinsikrn pemdakalau kementrian soalbaru indonesiagituu ,1
sehat bu risma ,2
tolong risma masyarakat bantuan mohon kelurahan menempelkan orang2 bantuan dipapan pengumuman ,2
bismillah online indonesia inggris inggris ,2
covid inggris saudara semoga ,2
driver online time teman berkali2 pejabatnya update data penerima beresz kelar gajian lancar ,1
pemerintah daerah ,2
pemerintah pusat suka ngeprank ,0
piye sih bu risma data dki anies pemerintah provinsi dki dinsos jakarta bu risma ,1
pejabat daerah nya iya pejabatnya data beres iya deh bantuan pemerintah deh data ganda sasaran ,1
hubungane karo data ganda dikit dikit ngeprank awakmu data ganda daerah ,1
komen anak data dki beres salah pusat anak salah salah ,1
ganda q g bansos iya ,1
data ganda semangat bu risma ,2
bu risma pancen yescalgub cawapres pantesnya ,2
b risma nya allah swt m pjbat ngaca ngaca pjbat ,2
data ganda dki ,1
bu risma ,2
terima nya kelurahan jatinegara jaktim terima ,0
iya gorong2 ,0
beres sikat bu sehat bu ,2
bagus bu risma ,2
semangat indonesia ,2
data ganda terindikasi korupsi dki penduduknya orang ,0
ngurusin ,0
anies ,1
belut nyemplung oli banget deh ,1
belut nyemplung oli mati ,1
kabupaten desa jawa barat data ppkm ,1
mantap bu risma tertawa ,2
orang tua allah ,1
perbaikan datanya dki macan ragunan ,0
terkenal pencitraan ,0
jakarta wakilnya bela wakilnya cocok ,0
ragunan penduduk dki ,0
macan nya covid ,0
maaf macan covid ,0
sindiran media biar nonton ,1
media ,0
media tv iya ,0
bansos daerah kemensos verifikasi kemensos bank ,1
bansos datanya ganda ganda data ganda bansos ,0
dimas salah bansos bansos dki datanya mensos cocok data ,0
dimas muter nya biar ,0
bu risma jempol bagus job ,2
sehat sllu ,2
mentri sosial orang orang orang bu ,0
risma kesalahan dilempar bu risma bu risma orang ,1
iya bu risma menteri sosial ,1
deh lihat bu risma iya mentri gubernur deh ,1
komen ,0
men skak badut ,1
yes mantap bu ,2
smoga indonesia pulih ,2
bansos nya jalan bansos sasaran ,2
jakarta kota maju kota indonesia nya perbaikan data nya anis ,0
maju toilet ,0
tinggal masi ,0
maju seiman ,1
gubernur spesialis deh sial rakyat dki seiman ,0
otaknya formula e ,0
maling partai petugas partai sopan ,0
maling persen formula e banget ,0
banget maling bansos deh partai ,0
drun ,1
bahas bahas kebiasaan tuman ,1
laporkan langsung pemerintah pusat dki bantuan ,1
w orang dki ,1
data ,1
bansos orang rt ,1
semoga bantuan tersalurkan iya ,2
dki rumah mobil bansos ,0
dana bansos ,0
bank bu ,0
bank bumn ,1
bank nya bank dki bumn ,1
korupsi bank butuh ,1
media i masyarakat semoga pulih ,2
data dki ,0
gubernur nya ,0
mentri ,2
rakyat makan rakyat korupsi ,2
bu risma ragunan ,1
bu risma masyarakatnya masyarakatnya ,1
langsung komen diig twiter menteri komen diyoutube ,1
dki indonesia ,2
otonomi daerah daerah sefrekuensi pusat mis daerah partai pengusung pertanyaanya daerah menggunakanya politiknya mengikuti pusat ,0
daerah data pegawai data daerah tinggal data beres deh ,0
mengisi datanya utamakan sanak sih berkali2 biarlah iya ,1
setuju kak ,1
data ganda ,1
iya kakak bantuan orang pusat ,1
data ganda dananya diusut bu risma ,2
bu risma cocok gubernur amburadul ,2
anisanismaksud antum diskreditkan mensosboomerangwkwkwkwk ,0
sistematis terpusat ganda salah logika sistemnya bikin orang ,0
penerima bansos tim bantuan salah sasaran korupsi ,2
menggerakkan capil dinsos statistik tetep data dana data statistik ,2
polres cek polres daerah orang ,2
mantap bu risma maju ,2
mengklarifikasi dikompori berbenturan ,0
semangat bu risma sehat and ,2
ganda nik ganda korupsi dki ,0
dki jakarta mengadakan ajang balap formula e ,1
data penerima bansos pemerintah provinsi dki gubernur dki lapor mensos datanya ,1
makan seiman ,1
saudara desa sasaran ,0
peduli ,0
bu ,2
beda kelas boss kota nya mentri pendidikan gubernur ,1
bu risma maunya anies kucing ,0
anis siluman kucing makay braniy main ,0
siluman kucing siluman macan ,0
pemerintah provinsi dki mencari kesalahan orangtks ,0
bank dki ribet dana gede banding bank ,0
data ganda somasi kemensos pemerintah daerah perangkatnya bansos ,0
data ganda data pemerintah daerah data bansos mensos data sinkrkon orang mensos kasih pemerintah daerah kasih ganda kompak orang ruwet ,0
denger menteri sosial data kemensos data daerah kemensos kemensos data daerah data ,1
penerima ganda mensos data pemerintah daerah data kemensos bantuan covid bu risma ,1
petugas partai maling bansos ,0
kemensos data kemensos kemensos data bantuan tahap data pemerintah daerah ,1
nya ralat petugas partai iya nya ,0
ralat iya semoga pegawai biar warga ,0
buzer uang provokatif ,0
buzer disana komen provokatif buzer ,0
hahaha lau salah target ,1
gunung jalan semoga sehat bu ,2
tmpat orang nya disitu orangny daerah ,0
tanyain kakak nya disitu ,1
pergi kakak langsung ,1
rakyat butuh risma tanggap negara indonesia desa pejabat negara bu risma rakyat indonesia risma risma nya amin ,2
yaa kualitas orang ,0
anies aman ,0
persen pantesan persen ,0
wqaduh nya ,0
gubernur ruwet ,0
triliun prank triliun semoga penjara ngeprank ,0
wkwkwkwkwkk aje bahas tertawa ,1
bikin data dki dinsos dinsos iya ,1
formula e jalan broh ,1
prank orang data ganda ,0
bu risma moga sehat bu ,2
mentri jawa iya ,1
kesalahan ,0
data orang ,2
data data ,0
warga kelurahan bantuan pemerintah anak orang usia bantuan cek bu risma ,0
lapor lurah ,1
rt lurah camat gubernur pusat verifikasi data laporkan pemerintah daerah ,1
semangat banget salah pemerintah provinsi ,0
bu risma mentri sosial carut marut bansos ,1
berkacalah besidelman kudanya besimotor akte kakak pns teman saudara ,0
maling petugas partai tetep ,0
korupsi bansos dki e rp ,0
deh formula e ,1
tinggal ibas si ibas persen formula ,0
impoten mencari salahnya orang susah salahnya ,0
si impoten nya iya ,0
iya data berganda ,0
partai anies salah partai kencur kemarin ikut2n anies bahan sensai pahalanya anies ,0
formula e tolong bu ,0
oh pemerintah provinsi dki disalahkan pusat ,0
mantap bu risma ,2
data dinsos amburadul ,0
dki perbaikan data dki ,0
deh tertawa ,1
gubernur data koordinasi daerah pusat ,0
gubernur takutkedoknya ,0
data bansos daerah dinsos capil statistik iya dinsos main drama ,0
sok ,1
nya ,1
dki anies warga nya hidayah nya dki ,0
bu risma mantap maju data i canggih perbaikan datanya ,0
warga dki ketipu pelajaran bagus daerah ,0
uang formula e milyar iya rakyat pandemi ,0
boss ,1
dana ny masi dki formula e ny ,0
uang uang nya ,0
duid t mreka tarik bantuan rakyat dki formula e ny anis ms gubernur warisin gundulin ny ngila ,0
ngaco ngecat m judul formula e diadakan pandemi ,0
segitu edukasi mobil listrik iya edukasi mobil listrik rakyat cm ny cuma orang ,0
mr klaim ,0
bantuan data bantuan ,0
pantesan warga nya nya data data tinggal data nya hapus layak jng cari ,0
bongkar bu risma the ,1
bongkar ,1
bongkar pencitraan si ,0
orang pencitraan orang nya ,0
orang kaya pencitraan kebanyakan nonton elektronik otak ,0
bongkar gorong2 ,0
bongkar pasang tebang formula e ,0
yaa ,1
maunya anies serang bu risma bansos serang warga dki bansos datanya pemerintah daerah dki ,0
perbaikan data data penerima ganda ,0
bu mentri data kemensos desa desa g mohon ,1
lapor dinsos daerah ,1
indonesia data covid data ,1
update data rt ,0
elektronik amburadul ,0
buklo mantap dedengkot ny dki ,0
jalan dana target sasaran ,1
pt pospancen oyelewat kantorpos budari pt ,0
data kementrian uang triliun segitu nya jadikan dana bansos validasi kelar kelar ,0
bansos bikin susah biar peduli tetep peduli mati biar ,0
daerah bu ,1
seiman jargon jargon dengar ,1
seiman ,1
iya iya apelo apelo ,1
pemujanya giliran junjungannya nongol nongol ,1
mr klaim manusia anis bodoh ,0
menteri sosial korupsi bansos anies tahunya maling ,0
dana ,0
partai partai ,0
risma bansos indonesia risma orang ,2
cocok marah marah sm ,2
pemain indonesia ,1
memuji risma kaum pendengki kepanasan ,1
kliatan kliatan kebanyakan pencitraan uang dki ,0
maling maling uang rakyat surat rakyat langsung canggih saudara ,0
akal iya ,0
elus2 koplak ,0
akal film ragunan ,0
korupsi bansos ,0
iyh rismaa sehat selaluuibuu ,0
ganda t abut cuma ,0
bansos bantuan pemerintah ,0
bu risma cocok ,2
pencitraan ,0
aneh bu risma dki ,0
musik ,1
ciyee horny dki ,0
maju bu risma semoga bu rakyat ,2
warga dki kakak dki bansos bansos bansos ,0
drama hidup mati ,0
anies betulkarena mensos otaknya tumpul sanasini pesta massal bansos sekutunya ,0
data bu risma nik link aset pemilik nik pajak bangunan pemerintah provinsi berbenah ,0
cumn sindr gbr anis orang g mlu maklum ayt myt x rakyat selma gbr anis mliht mukanya empt gbr tukng bohng pengrusk kota dki bikn smawrut jalan bongkar pasang mbuang uang negara g bikn tambh rusk bikin sempit dtebng gbr teruskn dki dki sdkit uang rakyat korupsi lem nglim mulut nya x syng sx respon nangkap gbr iya aset korupsi segra salh termsuk klrg nya tetipin uang korupsi nya ungkpkn orang g simpan atasnma anis sendri klrg nya segra gledah disita ,0
awas setruk ,0
main kayak ,0
c ,1
si anies cari celah dana bansos modal dana partai ,0
gubernur vs mensos vs gubernur koordinasi ,0
rakya sinergi ,0
nya rakyat dki perhatian bantuan ngurusin mentri nya nyaa pemerintah daerah ,2
dki kemarin bantuan bansos via ambil nya tunai nya ambil bansos nya tunai mohon bantuan tunai via ,0
bantuan ,0
mantap bu ,2
iya anies orang jenius malam ,2
amburadul rumah anies ,0
ragunan wkkwkkwkk ,0
semangat bu risma ,2
meninggalkan ,1
dki deh butuh bansos sih hidup macan ragunan butuh duitnya ,0
bu risma dki ,1
kemarin ,1
kaya susah susah ,0
gubernur salah ,0
kebanyakan data siluman barangkali benerinnya iya butuh bu ,0
normal ,0
nya profesional ,0
bu risma nya tolong iya media bikin lihat nya ,2
nonton dikit media ,1
warga dki ,1
gara2 gab data ,0
deh dki bank bank dki butuh iya rakyat dki segitu nya masyarakat jakarta menerima rakyat banget ,0
feenya nutup fernya langsung saldonya ,0
bank dki bank bank ,0
bank sebutkan bu risma pt ,1
ppkm iya ,1
bu risma mantap bu mensos ,1
risma ,1
t uang semoga ,1
gubernur bu ,1
jalan rt bansos uang tunai merata ,1
bank dki ,1
anis korupsi bansos korupsi bansos ,0
anies surat sindiran negara sih menteri surat ,1
wakaka ,1
sya bantuan ,0
bantuan bu bu ,1
kakak dki banget bantuan cuma biaya hidup ,0
juliari ,0
orang saudara bahas bahas ,1
jakarta kabupaten terima ,1
bingung masyarakat dki aje ,0
anis ,0
data risma data bansos ,0
si cari sehat anies ,2
bu biar pandai tertawa ,0
kayak anak gubernur tempe ,0
suka suka anis selsama ,0
ko data ganda kesalahan desa penduduk kaya sprtinya data penduduk dki ganda ,0
semangat iya risma ,2
oohh sk mrah2 yhjkrta beda jaman ahok ,0
cek bansos daerah jawa orang2 ,1
maaf data kementrian sosial daerah masing2 daerah datanya warganya daerah kementrian sosial kementrian piye gubernur ,1
pemerintah daerah dki data ganda kemensos bantuan data pemerintah daerah ,0
korupsi pejabat pejabat pemerintah daerah kota amburadul kinerja pejabat ,0
gubernur e ,0
kota indonesia anis kasih bu risma ,0
kemarin heboh data ganda heboh data penerima bantuan data nya dki amburadul ganda diusut beres sikat bu risma ,2
rakyat korban ,0
negara olimpiade teriak2kalo turnamen turnamen allah indonesia juara ,0
awas bu serang ,0
ayo bu bu risma ,1
merangkai bu data ,1
risma sabangmeurake miangaspulau ,0
pejabat lho sm rakyat ,0
semoga anies lindungan allah aamiin ,2
anis uang lebihkalau iya kocekkalau salah ,0
diberibantuan iya bu makan karyawan bantuan bu ,1
motor ngemis nya kaya tinggal cari nya bertahan kasih allah iya ngemis ,1
alhamdulillah hidup layak orang orang orang orang alhamdulillah lihat channel nasi ,2
bu iya beres komen ,0
anies anies akn orang ,1
dki autopilot pusat ,0
dki atur biar data ganda biar si gubernur ,0
aneh menjabat ,0
anies risma ,1
lurah camat daerah iya sih gubernur dki data warganya tua cari ,1
susah pejabat ,0
sang gubernur covid aje ,0
bongkar bu mensos pelanggaran dana bansos dki sasaran ,1
bahas dana bansos negara bansos dki dki bansos data orang bansos dki pemerintah kali ,1
dki perbaikan data40 ,0
bu risma rakyat jakarta anis rumah nya ,0
gubris bu arabmaklumi sajaa ,1
anis malang kadhak malang kadhak ,1
otak gubernur dki bu kebanyakan otak manusia normal iya bu nya bansos dki jakarta ,0
aahh ,0
jenius mengendalikan fikiran manusia otak ,0
bansos iya korupsi mensos hahaha ,0
wew kaya film tertawa tinggak aktifin biar kaya lucy ,1
iya maling petugas partai ,0
disana koplak koplak ,0
data ganda bank wakaka ,1
anis merangkai kataklw weey ,0
iya surat tertawa belanja milyar ,0
google dudut pemerintah daerah dki m ,1
risma menjabat mentri ,0
iya warga dki pingin data blepotan ,0
anis suratin bu risma aneh ,0
bu data2 daerah bu ,1
anis gubernur risma mentri menerima bansos bansos partai ,1
si data sampah ,0
sprtinya risma g ,0
mensos data dki dki dki lihat akn ,1
bikin ,1
dengar warga dki main bansos ,1
anis salah salah orang angel ,0
dki ,1
bansos data2 layak datanya makan ,1
maaf bu langsung nya nya nya sasaran ,2
sasaran ,1
pantau langsung biar mafia nyakarena banget manfaatin situsai buktinya ko ,2
bansos kjp usia ,0
anis anis anis ,0
iya saudara anies e ,0
mohon bantuan nya mentri bank dki butuh tolong dki butuh ,2
gubernur nya covid bu ,0
data tim tim jakarta abut ,0
kemarin ko iya ,0
data koar2ank buahnya peintah ,0
iya bingung data desa desa kabupaten kabupaten kota pekerja pns ,0
ngandelin pemerintah warga indonesia menjabat iya gunanya ,1
kemarin gara2 gelandangan ,0
dana bansos korupsi partai merah bu partai partai ,0
bansos terlambat pemerintah daerah indonesia terlambat data pemerintah pusat pusat data nya ,1
sembilan bahan pokok sembilan bahan pokok tunai daerah ,1
wartawan tv swasta lancar tv parlemen raker dpr pemaparan tertatih tatih pemaparannya ,0
bansos dki kemarin kemarin bansos pemerintah provinsi dki ,0
bu gubernur nya data warganya ribet gubernur warganya nya ,0
pemerintah provinsi dki by nya ,0
nonton panggung serang makan ,0
ganda berhsil b risma b risma berhsil uang rakyat bravo b ,2
data ganda salah sasaran ,1
risma harini data dki bansos dki datanya pejabat gubernur bansos risma harini data bansos pejabatnya indonesia ,1
cek rt ,1
cari perhatian ginilah akibatnya sm menteri ,1
data desa validasi data pemerintah daerah kementrian desa ,0
bu ojeg pangkalan bansos ,1
anis bu risma dki data ganda perbaikan anis melemparkan kemensos ,1
warga nya bantuan pemerintah ,1
gubernur ,0
merugikan negara negara ,0
kowar kowar sih jateng sasaran bu ,0
uang banget hedeurl salah jakarta ,0
kasih ,1
ragunan perbaikan data saudara ,0
dki mensos indonesia ,0
komen calon2 komisaris bumn ,0
pemerintah daerah dki sllu cari kambing orang ,0
bansos ,0
dki beda jaman ahok ,0
kesalahan anis mantap anis ,0
ayo drun ,0
cari celah sllu sllu anies dki bny carut marut data penerima bansos bny salah sasaran ,0
kalu bu bu ,0
hidup ,2
deh mensos gara2 gab data warganya akibat gab ,0
sih salah kalu daerah bohongin rakyat bohongin ,0
yaelahh berantem data ribut2 rapatin ribut2 ricuh bantuan ,0
main biar pejabat makan uang ,1
bu risma pekerja ,1
daerah bansos ,1
dki daerah ,1
anies pns dimarahin anis ahok pekerja dimarahin ,0
bu mentri tolong pensiunan indonesia pensiunan cuma ,2
rakyat nya bongkar pasang merata bansos nya ko ,0
udahlah hapus bansos masalh subsidi listrik rumah tangga ,0
bu risma amanahjadi menteri amanahjadi ,2
setuju ,1
mentri iya gubernur ,1
jakarta cengeng ,1
cengeng ,1
korupsi ,0
maaf menata bu risma menata ,2
iya si ,1
dana bansos jalan jalan warga dki ,0
risma jakarta media jawa jakarta sih bu jakarta ,1
data untk bantuan warga dki amburadul data ganda orang ,0
anis anis salah kebijakan warga jakarta mayat ,0
beres ,0
risma jakarta ngobok ngobok alias pencitraan gelandangan kemarin pencitraan cari celah obok obok semangat ,0
kabar anak rantauapakah bantuan ,1
bu risma suka kinerja ,2
maling maling terindikasi maling maling maling kebanyakan pemerintah indonesia angel angel angel wess ,0
iya musik ,1
juliari anies tahunya maling bansos ,0
anis risma data ganda gila banget rumah bantuan ,0
carmuk seolah2 ,0
dana sosial data ganda bukanya kelurahan gunanya kelurahan kelurahan merepotkan bongkar runtuhkan pertahanan sipil ,0
hahaha data ganda ,1
g bu ,1
dki pejabat ,0
anis berganda ,0
makan buta ,0
dki dki ragunan warga dki jakarta jakarta datanya ganda maklum ,1
pandemi data giliran bansos sembilan bahan pokok pengurus warga biaya beli beli sembilan bahan pokok bansos rt sehat cari ,1
ganda bantuan ,2
bu risma bansos sasaran anak terima kasih bansos ,1
teross ,1
bansos tunai ,1
anies gubernur lembaga riset sosial terkenal mengecewakan gubernur memimpin jakarta data kualitas sosial orang riset riset mengecewakan ,0
data ganda bansos ,0
kemensos bikin data perbaikan daerah bahan perbaikan data pusat data ppkm pkm pkm pkm ,1
statistik daerah data ,2
penerima ,1
covid dki ,1
bu mentri bansos ,2
data cari cari media ,2
anis bikin media sensi ,1
to sensi ,1
sayang ,0
anis masyarakat makan belanja makan kasih ahok kebijakan nya ,0
anis disalahin korupsi bansos disalahin korupsi kemarin juliari ,0
bosan anies banget lihat formula e m kritik ,0
juliari gab data blepotan ,0
petugas partai ,0
bantuan sya orang kaya ,0
bu bank nya dki bantuan nya bu terima kasih ,1
bu risma bu risma anies ,2
foto kakak ,1
anies warganya drama ,0
negara data warganya ,0
pemerintah kota pemerintah daerah pusat dana gede ,0
gurunya bu gurunya disuruh anies anies modal surat iya tolong pantau dirumah dirumah cari uang sembilan bahan pokok main ,0
data bansos merata data ,1
warga seiman pemerintah daerah dki data warga warga dki smart ,0
oh iya ayo bikin data dinsos capil statistik iya gubernur ngurusin ayo ,2
mohon ijin bansos ,1
desa lurah data nya kasih kemensos ,1
penduduk dki korban alias bodoh pilihan orang berpikir seiman ,0
anies tertawa ,0
to bu rismaanis orang dki loo alias plongah plongoo ,0
kabarnya ,1
gubernur salah bu jakarta ,0
peyan budanax golongan peyan mentri ,0
kouta iya deh kemana2 gab bikin warganya gara2 data ,0
nya dki bu ,1
uang bansos si juliari iya ,1
indonesia dki jawa ,1
risma suka bikin ,0
yaa dibuka mensos negara penduduknya data gubernur pencitraan ,0
atur uang negara rakyat ,0
ganda cek nge data data nya bu nya bank rakyat lihat tersalurkan mohon indonesia ,2
carut marut data bansos dki ,0
pejabat g update data maju iya ,0
anis pemain pemain ganda ,1
anis gx anak iya amburadul gubernur ,0
dana bansos kelurahan belendung benda tolong diselidiki bu kota rt003 anak yatim piatu tiada menerima bansos menteri ,1
cuma main drama ,0
daerah data ganda update data harapan korupsi bansos bansos by name by pemerintah pusat ,0
dki bu jateng sasaran datanya perbaikan ,0
sasaran mensos nya ,1
data mencari dki ,1
suka cerita ,1
kabupaten subang ,1
semoga anis datanya smart akal korupsi pemerintah provinsi dki ,0
anis aniss salah google terkenal gubernur tergoblkhadeehh warga dki ,0
pilihan ,1
jakarta ,1
korupsi dki warganya ,0
bansos merata bansos orng bansos orng cuma bu ,0
lempar orang ,1
piye to bu perbaikan data ganda anak data ganda iya ,1
anies salah pusat ,0
anis menteri g g ,0
jng cuma klaim covid mu masyarakat ,0
datanya warga dki dana bantuan ,0
dki anies kota negara ,0
komen orang pendidikan iya ,1
bu isi ,0
nyuratin bodoh berani2nya nyuratin main nyuratin ajaternyata nampar ,0
engk sok engk beres ,0
data bansos daerah dinsos capil statistik sih dinsos drama iya ,0
iya bu ,0
nyusun ,0
warga pemerintah daerah ,1
ayo serang anis puji2 risma diem2 baek iya ,0
anis kayak ,0
anies cocok gubernur cocok nya bagus ,0
si anies anies korupsi korupsi jakarta ,0
kebanyakan bansos salah sasaran ,0
penrh dpat sakali ,1
anies korupsi rakyat jakarta nya korupsi gubernur uang uang uang proyek2 ,0
risma oh risma orang surat menteri sok dki cari panggung risma iya risma salah dki ,0
semangat bu risma bu risma ,2
komen komen nya bu bantuan orang kasih kasih allah ,2
sih nis anak nis mati indonesia dki ,0
bu risma jakarta amburadul data ny bansos kasih gila rt ,1
dt salah uang orang bantuan ,1
anis nyusun g warganya g nis ,0
gubernur dki ,0
mnk ditmpat disitu bntuantu menteri sk mrah2 ,0
data amburadul x disuruh surat dki nya sm orang ,0
data dki jakarta amburadul ,0
haa haa jakarta ,2
whaatt ,0
datanya dicurigai bnr data bantuan ganda data ,1
amburadul datanya deh datanya data data orang ,0
a desa ,0
risma dki carmuk jaman ,0
risma cari pamor jalarta ,0
iya data pemdapemkot bantuan sosial data pemdapemkot data salah sosial ngurusin rakyat otaknya ,0
gubernur ny panggung pandemi datanya ,0
dki gubernur nya terima beres gubernur ,0
bukrismablankkanajadulu dana bamsostruzz data ulang ,1
dki seharusx pionir gubernur dki mengolah data ,0
sampean g takutnya ,1
ragunan warganya covid e lihat mati ragunan ,0
dki orang dki dki ,1
dki anis klaim ,0
anis kjp ,0
orang gubernur dki jaman jaman anies jaman ,0
anies utuk c ,2
tinggal butuh ,1
piaraan anis piaraan iya menjilat menjilat menjilat ,0
kliatan layak dki sok nyapres nya iso mu ,0
anis beres salah orang ,0
anies gila ngurusin warga jakarta pencitraan nyapres mayat warga dki jakarta ,0
dki ambyarr ,0
nyalon x gubernur dki ,0
muter muter dibuka ,0
wess ,0
perbaikan data dki persen persen ,0
pencitraan data sampah gaya2an nyuratin risma ngecek data sampah membereskan pencitraan nyuratin koplak tertawa hahaha mantaapp bu ,0
rismahaha tertawa audit pencitraan mulaicamera actionmaka jambatan orang tua untul kasak kusuk jakarta benci ,0
daerah iya ,1
data ganda jaman si lapor lapor cuma validasi hapus data nya tugas penerima bansos provinsi tugas provinsi data pusat provinsi kelar ganda dobel data pusat provinsi dobel sah sah nya isi surat ,0
orang jakarta ,0
anies orang otak gubernur ,0
mohon data penerima bansos kelurahan warga masyarakat bantuan kelurahan pejabat kelurahan masyarakat memilihnya bansos nya ,0
jakarta bu ,1
anis kebanyakan anis bosan ,0
bu risma the sehat ,2
gubernur dki jakarta ,0
biar g risma sm anies sm nya risma ,0
gubernur mencari ,0
pya bank dki pdahal dpet ny pjangan ympek april dpet dpet ny dmna plian dpet skarang ,0
pencitraan bu maklum ,0
memsos dki surat mensos a dki rp setruk susah mensos pilihan memsos tebang rt lurah tebang mohon ,0
rt m lurah mensos dki jaktim mohon terima kasih maaf setruk mohon bantuan nya gubernur dki maaf sopan rt kelurahan jatinegara dki jakarta nya ikan ,0
anis anis ,0
bu risma kelurahan timur bantuan cek status nya mohon tertulis data sosial iya bu cek status data terpadu foto dt foto cek data terpadu tertulis tahap menerima pengurus tolong ,1
maaf data iya bu ,0
beda kelas risma risma menerima ,1
dki nya biisa hehejanji nya realisasikan korupsi ,0
pantau ,0
perrtemukan rima slu sm anies ,0
sih nya ,0
calon gubernur dki ,2
lampir ,0
lampir kota ,0
by name by by name by nik ,0
anis lho ,0
aneh gubernur data data penerima bansos pemerintah daerah nya eeh data data ganda kemensos kemensos bansos jalan nya bansos pemerintah daerah daerah data data nya menerima bansos data data ganda kemensos ,0
memimpin provinsi ,0
memimpin indonesia saudara ,0
iya sih berjubel ,0
pemerintah daerah dki gubernur nya nyiyir iya ,0
langsung rakyat data rakyat deh data data nya nya nya negara rakyat ,0
membantu butuh data layak dasarnya data ,0
nyapres negara ,0
bodoh lulusan sosiologi lulusan manipulasi tahunya proyek2 sampah uang negara berpikir rakyat rakyat sosiologi tolong orang gelar phd seolah2 si bodoh orang gelar phd sosiologi jadikan pencitraan phd orang berpikir ,0
anis cari ,0
indonesia bu lindungan swt ,2
iya cari ,1
lho kasih ,0
nya biar ,0
drama suka mencari masyarakat media profesional nya merah ,0
data tny lh rt kelurah langsung gubernur si jls mentri ,0
ayo drun maju drun ,0
tai nya orang tai ny nya ,0
kritik bu risma lurah rakyat bikin rakyat sok anis ,0
formula deh ,0
lurah ,0
data ganda penerima terimagimana kaya teman partaimu ,0
penjilat pemerintah ,0
risma kecerobohan kemensos ,0
seiman saudara ,0
warga daerah yaa pemerintah daerah salah si ,0
sindiran deh kasih kesalahan data sok kaya orang dki jakarta partai masyarakat kasih data ganda sindiran partai korupsi ,0
petugas daerah uang biaya orang penerima bansos bu risma ,0
media sah media ,0
sikatt ,0
anies jenius iya orang lihat indonesia ,2
akibat salah pilihan warga jakarta memilihnya warga jakarta sayang jakarta kinerja rakyat mendukung nya nyapres buta mendukung orang orang masyarakat akibat kesalahan salah ,0
mentri nya bantuan pandemi bantuan kemarin ,1
cari ,0
emberr ,0
risma terkenal cari ,0
anis gubernur sumbangan dutabesar ,0
beritanya trend anis turunkota kota cek risma sombongkatanya kota kota jawa kota jawa barat kota kota cek anis harmonis ,0
kota jateng gubernur mensos beda anis anis mensos anis suratin dutabesar sumbangan ,0
maunya pejabat menerima dana manipulasi penjara ,0
mati maling uang rakyat kesusahankesulitan akibat pandemi covid ,0
th banding kayak th banget iya indonesia ,0
massa tahananmana korupsi nya gede m ,0
cita cita ,0
iya pejabat pejabat rakyat korupsi ,2
saudara orang kayak cuma broh lihat saudara saudara ,1
nya indonesia indonesia ,2
iya tahanan maling tv duitnya langsung kaya pingin korupsi ,0
bagus cita cita iya jadikan kaya ,0
semoga efek pejabat ,0
oh uang mati ,0
mati nuraninya disaat rakyat pandemi korupsi dana bansos ,0
orang partai ,0
rakyat susah mati hartanya ,0
semoga sang aman ,0
rakyat maunya korupsi mati ,0
menteri pejabat negara korupsi pandemi mati ,0
janjinya mati ,0
perampok uang negara kapok ,0
indonesia ,0
artidjo alkostar hukumanya ,2
pikir pikir terima banding maling uang bansos ,0
tinggal tahanan ,0
dadakan ,0
uang orang susah embat ,0
indonesia penjara ,0
g g mati ,0
penjara seumur hidup ,0
mati penjara seumur penjara tv penjara v ,0
pemerintah orang rakus kayak orang bansos ,0
tahanan iya maling ,0
bedalah kelas teri kelas kakap ixixii ,1
nya nya ,0
si kontl ,0
tamu istimewa saudara uang haram ,1
pejabat mentri partai ,1
pt kayak ,1
mati indonesia ,0
maling maling maling maling ,1
kurangi kurangi kurangi tugas korupsi terima kasih nya adik ,2
uang rakya rakyat cuma th banget tahanan ,1
semoga kaya ,2
bedaa penmpilan maling kelas kakap maling motor ,1
orang kaya korupsitamak ,0
pemerintah korupsi bansos pandemi matimaaf denger nya ,1
iya rakyat ,1
p l p ,1
rakyat ,0
ngerap tertawa ,1
ngerap ,1
masha allah teganya rakyat dikorop nya perbuatan mengulangi nya rakyat ,0
cuma menyebabkan orang mati orang mati merugikan rakyat ,0
korupsi bansos biar ,0
janjinya mati pejabat korupsi pandemi pemerintah ,0
dengar ,1
mati ,0
pejabat rakyat pejabat uang korupsi ,0
uangmu negara suka tertawa ,1
tinggal negara to ,1
to yaadimana top nya gaesswkwkwkw sa ae luu ,1
mensos rakooes bansos pool alias sih seumur hidup mati ,0
korupsi generasi generasi iya korupsi menyebabkan masyarakat penjara ,0
tolong lembaga ,0
bela partai ,0
mati eeh biar ,0
biar warga negara indonesia negara anggap negara susah ,1
pingin dengar kabar mati kemarin dengar kabar wacana mati kejahatan korupsi pandemi lipstik belaka ,0
duhukum mati ,0
nya maklum banding ,1
indonesia maju mati maling uang rakyat susah ,1
juliari terima banding terima cuma maaf orang ,1
korupsi dana covid mati ,1
bansos mati berbohong ehmalah matikan ,1
gakk gakk korupsi ,1
this the ,1
rakyat masyarakat indonesia iso mati orang kayak ,0
mati mati korupsi pandemi ,0
maling maling maling ,0
negara negara banget indonesia korupsi negara biar kaya lobi lobi otak kambing ,0
mati nya mati ,1
korupsi dana mati pejabat uang kayak film ,0
kasih cuma rakyat ,1
hrsnyahukuman matibiar kapokbukan berjalanmaksud ialahnanti dipotong2 anggap enteng ,0
th pejabat negara ,1
hidup efek ,0
nya iya kaya astaga lho orang2 carut marut iya manusia tamak berkecukupan korupsi pedih ,0
banget korupsi bansos ,1
kenakan uang koruppnya mati biar negara ,0
online sinyal ,1
pemerintah rakyat korupsi uang rakyat mati seumur ,0
orang negara mati ,1
seharusa foting rakyat kasiahan maling salam ,1
susah korupsi ,1
gx kayak kayak sampah ,0
korupsi hy mati seumur hidup biar pejabat korupsi hy segitu pejabat korupsi ,1
keceh duwet ngrugeke rakyat negaradimasa pandemi layak mati ,0
mati disaat rakyat pandemi covid bantuan pemerintah nya uang nuraninya sang menteri pemerintah mati akibat ,0
rakyat ujung ujung nya kali th lihat ,1
banget anak ,1
semoga korupsi bansos sembilan bahan pokok iya mentri bansos pandemi ,0
nya mati korupsi uang bansos rakyat kecilyg rela uang bansos makan ,0
kabar mati ,0
bismillah jalan suka suka sungguh allah maha ,2
penjara penjara isinya ,1
uangnya korupsi bangun lembaga ,1
mensos rakus bansos rakyat pejabat uang rakyat covid ,0
korupsi mati ,1
berbohong ,0
wey bansos uang nya ditelen orang berdasi anak tolong nya disamakan maling ,1
penjara ,1
penjara bacod korupsi uang bansos mati bacod kemarin cm berbohong ,0
nya12 setimpal si menyengsarakan rakyatsudah rakyat butuh bantuan pandemisi hatj syaiton nya merampok rakyat nya mati ,0
bumliy ,1
kompastvklwmembacaygbenersupayajelasmentang2ygkoropsipartyikuasaklw nyiarnokokkayaklaricepatdasarkompasbu ,0
mati iya ,1
juliari maling ,0
g salah bansos seumur hidup ,1
pilihan salah partai ,1
semangatt allah swt ,2
