text,label
pintu bencana menerima teroris akan,0
setuju ,1
jangn masuk indonesia ,0
sakit hati ,0
sok ,0
coba covid ,0
indonesia negara covid dana covid ,0
teroris kali ppkm kaya jalan ,0
saja onar,0
dimana manusia kelompok takut kelompok rakyat jiwa,2
ruwet negara ,0
suaka hidup untuk pahlawan warga negara ,2
orang kasih hati indonesia ,0
indonesia terima pandemi ,0
patuh hajar ,0
tamu prosedur jidat rakyat masih mengatasi covid pendatang demo,0
anak ,1
demo tangkap ppkm hati takut ketularan tugas demo untuk covid hilang covid,0
penting mau,1
rakyat pribumi pontang panting nggak urus ppkm balik ham balik negara gaduh ,0
orang main demo negara langsung,0
beresiko rawan penyusup watak ,0
orang demo ,0
hidup situ mau negara orang ,0
wni lahir jelas negara ,0
penggemar,0
bos makan minum menteri rakyat ,0
penggemar berat,0
tangkap tendang kerok biang bos,0
pulangin negara asal bikin ricuh indonesia ,1
kembali negara asal,1
pikir indonesia dimana orang hak penduduk indonesia suka hajar orang imigran,0
bak negara imigran ,1
suaka ganti kolam imigran,0
negara damai suka kayak orang negeri orang ,0
contoh lihat pakai demo hidup ajar rumah rumah biar,0
,0
bantuan negeri melawan taliban negara negara bilang,2
bilang negeri suka mengerti kenapa suka suka  ,0
afghanistan negara hidup melawan  ,1
bang mengungsi kadang beol kali,0
langsung bibit bibit teroris ,0
kalau bantuan bantu ,0
laut makan ,0
belgia imigran demo undang undang negara ganti negara asal demo rumah fasilitas  ,0
aku kesel salah tulang bayar prosedur ,0
nama manusia sadar hati jantung ,0
usir bikin ,0
orang tv berita situ nonton manusia suka saudara iya kayak ,0
suka nonton iya ,0
iya nonton kayak ,0
itu warga urus rakyat rakyat bantuan kasih ,0
belgia orang pakai biang kerok suka bikin uang kerja bayar orang lokal suka,0
polisi masyarakat ,0
cari suaka susah ,0
indonesia keras bos wna negara indonesia sopan ,0
ung ,0
kecuali mata iya ,0
keras orang demo ,0
gemar berat,0
keras jongos ,0
bawa uang ,1
negeri cinta negeri produk produk indonesia ,1
negeri cinta progres progres ,1
indonesia pinggir demo bikin ricuh negara pulang lawan ,1
khianat antek antek takut juang taliban ,0
harus wna langsung pakai ,0
taliban susah presiden warga,0
polisi indonesia negara cari suaka rakyat indonesia indonesia dan petugas polisi ppkm  ,0
indonesia covid rumah ,0
indonesia garis ditambah perahu lepaskan negara biar teroris negara ,0
orang ,0
wkwkw profesional dijajah eh kasihan banget suka teriak teroris sodara ,0
lihat kaum indonesia isu berani aparat status berani salah ,1
mau negara ,1
bilang bangsa ,0
iya ,1
g klu g bukti bikin onar negara  ,0
aparat uu wna demo demo imigran negara tujuan ,1
cepat wna ,0
lihat bikin daerah ,0
pemerintah ilegal ,0
kaya kehidupan urusan dunia ,0
urusan urusin ,0
pemerintah sisi kemanusiaan hati ,0
ngurusi orang demo suaka bgitu ,0
kasih ma biar cari suaka iya ,0
urusan ,0
lh orang rakyat ,0
tu ,0
it orang deh ,0
deh ,0
penggemar berat pakai indonesia lancar ,1
penduduk makmur menambah beban negara ,0
langsung pulang urusan rakyat pandemi bantuan kaya saudi kaya bantu bahaya kehidupan  ,0
polisi pemerintah negara berani demo negara indonesia ,0
pemerintah cepat menentukan sikap manusia manusia dunia negara  ,0
negara deh mengungsi deh negara diusir deh mengandung kriminal ,0
nato mbak imigran bantu nato ,0
pantes damai contoh masyarakat negara berani demo keributan ,0
manusia iya kasih layak kasih makan coba negara ketakutan taliban negara kayak negara maju pulang takut ,2
iya taliban indonesia demo demo bikin negara indonesia ,0
kasian iya hidup coba ,2
ambil mbak rumah ,0
mbak kasih rumah kasih makan biar mbak ,0
bagus orang imigran nato taliban negara nato orang afghanistan  ,0
tampung kirim ,0
kasihan iya lihat penduduk susah ditambah sikap  polisi demo ppkm ,0
negara enak enak ,0
taro biarkan ri susah mlh mau nerima aturan ppkm warga ,0
dimana bercermin negara warga  mencari suaka negara negara  ,2
warga ribut demo orang kasih kasih makan enak klu orang cina ribut kerja dimana  ,2
waras cina ,0
negara bikin ribut negara negara mengatasi pandemi klaster ,0
demo negara orang demo negara pemerintah sok tanggal suaka negara cari  ,0
penggemar akhlak kasih ,0
cepat pindah negara   ,0
negara ,0
pilihan  negara penduduk negara negara  indonesia  ,2
bikin gaduh kejelasan rakyat hidup usaha ppkm menambah klaster ppkm level rakyat indonesia  ,0
negeri ulah profesional afghanistan rakyat afghanistan ,0
era masuk negeri tercinta indonesia hati mencari perlindungan hidup iya dunia  ,0
bikin ribut jalan kirain g demo bikin turki ,0
kadang kasian ,0
penggemar bikin ruwet balikin negara asal pontang panting cari anak ,0
penggemar negara   aza aza warga negara aza ntai negara  bos ,0
si chaplin turun tangan urusin chaplin ,0
kejelasan asli orang indonesia ,0
deh berulah cocok iya suaka ,0
bilang taliban beda masyarakat mpe indonesia ,0
pribumi ,0
bergelantungan monyet majune ketinggalan ora maju maju dadi negorone ket mbiyen onani lomba onani juara dunia ,0
orang pribumi kelaparan makan ,0
nk ,0
orang suaka negara ,0
tolong negara orang bikin ribut ,0
taliban ,0
nahh turki keras sok bilang turki lawan taliban ,0
keras nindak orang kayak nindak pendemo orang lokal langsung langsung ,0
hidup orang bikin gaduh ,0
mengaku bangsa orang masuk patuh aturan kembalikan negara  ,0
iya kemarin dibahas salah dibahas taliban demo orang ,1
sadar negara orang onar ,0
masukkan kesel menambah beban pemerintah negara susah hidup ,0
hajar afgan negara orang tembak ,0
rakyat indonesia bingung cari makan orang bikin ribut ,0
orang syukur kasih asal biar ,0
klu dibumi rakyat tanah air  ,0
negeri orang bikin onar tampung sisi kasihan tolong pemerintah orang taliban  ,0
taliban menunggu ,0
taliban enak mengungsi negara orang cari ,0
pantes orang ,0
negara bercermin negara saudara  ,2
suaka demo penduduk indonesia suaka taliban ,0
asli rakyat indonesia blom makan makan ,0
negara g deh g x orang tu demo2 ,0
negara turki tertawa berita ,0
klau ndk ndk ,0
masuk ppkm mlh bikin mlh bikin gaduh ,0
bikin negara orang x an lawan taliban ,0
demo bertahun kerusuhan ,0
demo imigran ,0
mobil petugas ,0
negara ajah hidup pekerjaan  ,1
negara irang ,0
ki indonesia lawan taliban ,0
suru pulang negara biar melawan taliban ,0
negara orang bikin onarr heran manusia kenapa iya ,0
negara menerima kemanusiaan agama ,0
nerima rumah ,0
bawa ,0
donk  negara  kirim negara  melawan taliban  ,0
warga negara rakyat susah ,0
lihat aparat coba mahasiswa pribumi demo langsung hajar air mata ,0
hajar ,0
ham indonesia ,0
mhs mhs jabarkan ,0
sakit minum mencret sembuh mati ,0
negara sulit bikin bikin negara orang ,0
akhlak covid ,0
anggota taliban masuk ,0
negara taliban asli orang pribumi afghanistan negara taliban menerima saudara prinsip ,1
kirim pulau ,0
penggemar kasihan polisi salah ham tv indonesia biar  ,0
baku tembak bos kebal kena baku hantam ,0
taliban indonesia taliban ,0
pemerintah kembalikan negara ,0
allaah indonesia selesai virus covid allaah ri indonesia smogh smogh allaah swt ,0
negara taliban fpi negara menjamin hak pindah afghanistan ,0
negara demo smp indonesia papua sja jawa ppkm ,1
cari suaka bikin ulah warga negara orang orang ,0
salah susah corona ,0
balikin negara tujuan uang ongkos ,0
asal penduduk indonesia berani demo ,0
giliran wni cari uang wna ,0
orang asli indonesia susah mikirin rakyat orang pribumi aturan ,1
indonesia balikin biar ,0
ngk ,0
iya it negara ricuh negara bahaya rakyat indonesia ,0
kapal suru ,0
setuju untung  irang urus ,0
ti  ,0
asal indonesia beban ,0
penggemar ,0
internasional ,1
negara orang mala gaduh ,0
contoh ,0
bubarkan bikin suaka merusak bikin demo ,0
biar aturan ppkm ,0
cina indonesia harga baju beli ,0
banget sikat deh bkin mh takut ham negara aturan ,0
ambil anak pakistan negeri kayak ,0
tampung ,0
indonesia demo ,0
semangat semoga th ,0
kenapa ,0
bikin gaduh cari jngn indonesia balikin  ,0
suru negarax bikin ,0
bingung negara menerima indonesia bingung ,0
haduh bikin ribut ,0
indonesia negara bangsa sengsara ,1
berani demo disaat pemerintah menerapkan ppkm wni pribumi aparat indonesia tolong biar rakyat  ,0
negara negara negara ,0
bikin ditambah seenak demo bikin rata2 akhlak ,0
hati demo disaat pandemi corona ,0
bikin bikin covid orang ,0
polisi bubarkan bikin ribut pandemi demo2 coba negara demo ,0
tangkap urusan tercinta ,0
makan capati bangsa indonesia tolong rakyat susah susah negeri covid penderitaan pemerintah ,0
tolong deportasi ,0
negeri susah ,0
berani ricuh  ,0
orang masuk indonesia masuk orang cina indonesia ,1
rakyat orang susah kasih bikin onar ,0
klau negara sopan kekacauan negara pikir kekacauan negara pulang negara ,1
kasih indonesia indonesia ,2
setuju kepentingan negara ,0
penggemar muak negara asal ,0
negara damai saudara terima jeritan rakyatmu melawan pendemi tuntas biar mkan capati ,0
ber ulah kembalikan kasih kendor manusia kasih masuk indonesia bikin ulah ,0
warga demo perlindungan angkut  ,0
kasih jerah ,0
cocok keributan indonesia damai ,0
iya wna ngajak demo ,0
pemerintah pintu rapat rapat indonesia bikin gaduh ,0
enak ajaa rakyat kesusahan rumah ,0
penggemar negara tuk negara masi tembak mati susah makan bikin ,0
pulangin ,0
biar indonesia negara tolong indonesia ricuh negara ,0
masuk wni indonesia ,0
bikin negara ,0
kirim susah beban ,0
orang suaka bikin biarkan ,0
negara negeri orang bikin ribut ,0
nga orang bikin ,0
serah rakyat biar cepat ,0
kaya ny era presiden sya  lahir iya ,0
tangkep biar jerah demo2 negara biar damai ,0
pulang pusing beban ,0
penggemar wni gaduh ,0
susah pulang ,0
negara ,0
bikin gaduh deportasi gaduh ,0
agama aturan berani melawan aparat ,0
deportasi negara ,0
tamu ,0
 orang dpr mpr pemerintah ,0
angkut bkin ribut ,0
perahu ,0
bawa bawa negara asal ,0
petugas ,0
aparat bikin ribut ,0
orang negeri orang pribumi jongos negeri indonesia  rakyat  lihat rakyat pribumi  ,0
woe pemerintah ko tampung wna ,0
kirim ,0
negara berani orang sok ,0
 negara  tanah air  ,0
orang negara demo demo ilegal demo cepat pergi indonesia bikin ,0
z afgan ,0
orang negara ,0
negeri nilai nilai tali ,0
ratakan ,0
orang bikin ,2
indonesia menerima orang orang berulah ,0
setuju hidup ,2
bikin gaduh orang pulang ,1
masuk iya ,1
indonesia ,1
tertib negara negara tertib ,2
suaka jalan rumah deh pakai demo warga  ,2
kadrun tepok tangan lihat ,0
aturan mari ,0
iya negara ,0
ko bikin indonesia ,0
si cari ,0
langgar ppkm ,0
calon2 bangsa bikin hadehh ,0
demo negara orang ,0
bikin mau bikin deportasi ,0
afghanistan ,0
ribut negara bangsa ,0
penggemar tdak ,0
bikin negara indonesia manusia ,0
tolong kasian ,2
penggemar masukkan urusin orang ,0
tamu bikin ribut kirain ribut ,0
prokes covid ,2
pulang pergi negara ny masi bingung ,1
orang hidup negara ajah negara tuman ,0
indonesia rakyat uang tuk bikin negara ,2
demo x ,0
manusia terima kasih ,0
cina aman penduduk ,1
klau sja negara ko bikin ,1
pakai pakai ,0
tangkap indonesia ,0
kapal dibawa pulau alihkan tujuan selesai ,0
demo tugas aparat melindungi pendemo presiden bantuan sembilan bahan pokok ,0
indonesia bikin keributan bikin ribut iya ,0
angkut orang orang bikin negara w ,0
hati jantung kirim sja indonesia hidup garis ,0
demo negara batur ,0
pulang ,0
g ,0
pendukung taliban melindungi pendukung taliban indonesia afgan ,0
deportasi ,0
wna masuk urusan pemerintah ,0
penggemar level ,0
salah pemerintah control ,0
kasih kalok selesai ,0
pendemo aturan ,0
cari suaka negeri orang sopan bikin onar ajar aparat keras ,0
orang melawan polisi negara indonesia ,0
penggemar onar negara indonesia indonesia terbuka indonesia ,0
negara  manusia da tolong mala ,0
penggemar indonesia ,0
rumah chaplin ,0
nama masyarakat ber allah mencari keselamatan negara negara indonesia negara  ,2
l kovid selesai bos ,0
salah demo iya ,0
sono biar taliban urus ,0
kasih kasih ongkos pulang ,0
pulang demo ,0
lawan ,0
penggemar   ,1
naikan laut lepaskan ,0
orang cari ,0
 bikin gaduh negeri orang ,0
wna ,0
covid ,0
caplin woyy ,0
saudi terima ,0
kelaut saudara ,0
 masuk mikirin ,0
penghianat bangsa muncul wna ,0
balikin negara  selesai ,0
indonesia susah ,0
lep ,0
rakyat ,0
contoh ppkm iya bos ,0
tangkap negara ,0
giliran orang cina masuk indonesia diem ,0
negara indonesia ,0
pulangin negara bikin ,0
penggemar bawa masuk tanggung ,0
bikin ,0
nyusahin negara ,0
we  ,0
caplin ,0
kasih bikin heboh  ngajak tawuran mati tu orang anak ,0
pendemo  demo ,0
pulang pulang pendemi ,0
biang memprovokasi polisi tangkap memprovokasi berani demo negara orang ,0
lohh ko ricuh negara melawan aparat negeri ,0
bikin ribut ny orang ,0
pulang ajah dipaksa ajah ,0
ngak pulang negara  ,0
terima orang klu covid ,0
urus jualan ,0
afghanistan tka kroni afghanistan ,0
taro papua msi ,0
enak taro papua mang papua tanah merusak papua kah ,0
tana ,0
iya tanah orang papua ngak tampung rumah mu ,0
loo urusin tana ,0
iya tanah bangsa indonesia tanah orang urusan ,2
habis ,1
tolong ,0
urusin rakyat indonesia susah ,0
angkut  balikin negara ,0
lihat corona ,0
tidur ,0
anak ular ular ,0
hilang hati orang hidup tangan spandukbanner uang spandukbanner  ,2
ketularan orang indonesia orang suka demo  tertawa anjing ,0
orang diusir indonesia parah ,0
kembalikan asal ,0
indonesia sopan sopan iya terima kasih ,2
indonesia sllu demo ,0
demo ,0
buka ,0
bikin ribut indonesia negara ,0
tampung tu ,0
mamarika donk mamarika ham ,0
penggemar negara bikin negeri enak ,0
demo orang bagus kolam ,0
ngk negara negeri ,0
pikir negara ,0
lohh ko masuk ,0
balikin ,0
demo negara indonesia sikat ,0
demo ko negara pakai untung kasih negara ajah bayar negara kasih bikin ,0
polisi indonesia saudara pendemo ,0
negara calon2 rekrut pulangin ,0
urusan kemanusiaan coba saudara ,2
pulangin negara asal biar nama ,0
terima bayar masuk ,0
warga negara manusia biarkan ,2
aparat  ,0
pendatang ,0
suru rumah ny kalla ,0
pulang asal bikin ,0
bendera  ,0
kayak demo indonesia ,0
masyarakat indonesia kesusahan kali ,0
ngk masuk yaman pusing lihat  ,0
pola negara ,0
kirim negarax bkin dor ,0
balikin adik ,0
kalla ,0
baku hantam orang ,0
negara aparat ,0
garing garing garing ,0
penggemar tali ngibulin ,0
syukur indonesia susah pulang warga masing2 hati jantung ,0
mati pulang makan susah hutang sono hutang gara gara ppkm ,0
kirim pulang nama pendatang biarkan ,0
semoga mengungsi anggota ,0
polisi deh bawa makan taliban ,0
negara indonesia covid ,0
orang suka bikin ,0
polisi indonesia ,1
tampung gaji ribu free rumah free ,0
hati hati indonesia taliban ,0
kasihan ,0
cocok kelaut ,0
injak ,0
negara orang main pribumi pusing ngajak agama seenak jidat taliban dor pulang ,0
tangkap tendang afghanistan biar taliban afghanistan negara ricuh negara orang terima kasih indonesia seharus  ricuh negara  ,0
kali ,0
coba kasih keluarga salah rumah pendemo ,0
saudara ,0
laut negara orang aturan ,0
rakyat susah ,0
aturan indonesia negara kemanusiaan indonesia tujuan ,2
 demo ,0
sopan ber hajar indonesia keras ,0
pemerintah ,0
pemerintah bikin pulau kemanusiaan negara menerima ppkm  ,2
 taliban kah ,0
tangkap ,0
negara pintu virus virus masuk negeri negeri masuk it tangkap deportasi ,0
indonesia indonesia pakai prosedur ,0
tangkap jngn ganggu ,0
selesai selesai menunggu pandemi demo orang pribumi pusing ,0
negara orang hidup ,0
manusia bgitu deh berani negara ,0
mantap angkut injak ,0
pulangkn ,0
ppkm rakyat indonesia sahaja orang sahaja warga anak anak anak bangsa anak ,0
untung bikin onar ,0
suaka layak lha suaka ,0
kasian jokowi ,1
tembak orang ,0
negara mu ,2
cocok ,0
 negara masuk negara bikin negara deh a a ganggu negara uang berkuasa deh yaa jalan mulus ,0
bubarkan klau bikin ,0
terima bos bos ku ,0
hh hh hilang pendemo indonesia ee mantap mantap mantap pemerintah ku tercinta ,0
pilihan allah indonesia hancurkan indonesia ,2
thaliban masuk ,0
berita berita thaliban ,0
hajar kasih iya takut ,0
woi warga pusing warga presiden  ,0
unjuk berusaha enak banget ,0
orang kerja indonesia saudara indonesia nyusahin eh onar negara kerja iya  ,0
negara bikin indonesia ,0
tu orang ,0
calon ,0
woe ,0
polisi kembalikan afghanistan warga demo indonesia hak indonesia bikin ricuh  ,1
deh  lawan aparat taliban warga negara tu manusia ,0
sia ,0
pulangin  ,0
hak pemerintah bunuh ,0
sikat ,0
warga indonesia kepala  ,0
biang kerok muncul taliban ,0
polisi indonesia lawan ,0
produk negeri ,2
sopan  demo negeri batur ,0
bodoh mu agama agama pergi ,0
dibawa masuk indonesia kaum negeri ,0
nama saudara ,0
tangkap bikin gaduh ,0
kirim pulang pakistan biarin ,0
ayolah warga ,0
banget ,1
negeri negara  indonesia ,0
kembalikan ,0
hati hati penyusup taliban suaka indonesia yaman iya ,0
demo sono ,0
covid tertawa ,0
masuk ,0
wni ,0
tangkap polisi ,0
bikin demo ,0
asal ,0
negeri bikin hidup negeri orang aturan pemerintah indonesia keributan negara orang bikin pulang sja  ,0
warga afghanistan cari suaka indonesia demo beban berat pemerintah  ,0
 ,0
kadrun ,0
calon negara ,0
pendatang ajar hidup ,0
orang taliban mati penjajah penjajah suaka negara kaum alias abu abu terima warga negara  ,0
tembak makmur taliban rakyat cari suaka negara waras taliban agama ,0
bikin ribut lbh biar taliban ,0
manusia ,0
ajar orang imigran tampung bikin gaduh  ,0
bikin orang ,0
hh ,1
kasian ,1
negara orang ,0
langsung diusir pol ,0
bangsa cepat mengambil pemerintah ,2
penggemar masuk terima sopan cari  ,1
kembalikan  biar kebakan teroris masyarakat kasihan terima kasih ,1
hati hati ,1
bikin gaduh ,1
pakai air mata tuman ,0
afghanistan indonesia ,1
suaka indonesia indonesia suaka status suaka butuh  ,1
urus negara ,1
teroris negara pemerintah negara ,1
pulau biar hidup ,1
cina fasilitas cina deh masuk layak ,0
lihat cina karyawan orang cina ,0
cina cina orang cina ,0
tulang ,0
beli cina ,0
beda bangeet kekacauan  ,1
donk ,1
iya maaf cina ,0
orang waras lbh orang ,0
cina orang kerja orang cina indonesia pulang indonesia berprestasi nama  ,2
hh belajar iya ,1
lho suka gede ,0
jowo jowo kari kari ,0
selamat negeri orang orang bawa orang orang daerah aman ,2
monyet bergelantungan majune ketinggalan onani dadi negorone domba ket mbiyen onani juara dunia ,0
data saudara jiwa ,0
tka saudara dpr g nonton saudara ,1
 cina rata2 cina ekonomi karyawan orang cina cina pejuang pakai ,0
mu jaman ,1
orang rumah ,1
iya cina bawa uang ,1
fungsi ,1
iya beda sm indonesia lapangan pekerjaan  orang cina  sm  ,0
dadi bodoh minteri sg bodoh ora kanggo ora ,1
dadi minteri ora kanggo sg iya ,1
iya ulang orang watak  negara rawan beresiko penyusup negara negara  ,0
afghanistan indonesia warga afghanistan indonesia rakyat ,1
pekanbaru riau penduduk  ,1
kasih ,1
negara indonesia aturan indonesia ,1
melawan kasih indonesia ,2
ngak suka suka isu ,2
si sakit ,1
transport pahlawan hancurkan bayar harga mati semangat ,2
ma anak g bayar mang negara ,0
urusan pakai panser ,1
pakai panser harga ,1
penduduk kalangan kalangan masyarakat negeri ,2
takut ketahuan lho ,0
penggemar berat hati mengaku ,0
kena hati ,1
terimakasih anies stasiun cawang diintegrasikan stasiun cawang terintegrasi busway tj jalan ,2
  bangun biar bangun  sia sia ,2
dilaksanakan ,1
jokowi diintegrasikan anis pemimpin indonesia ,2
anies ,2
covid pakai transportasi ,1
iya sehat iya ,1
jokowi bangun ,1
jokowi gubernur dki ,1
berani ,0
bayar  iya maaf ,1
terima kasih harapan orang indonesia terima kasih harapan ,2
masya allah ,2
terima kasih anies kerja pemimpin indonesia jawa  ,2
kasian busway masyarakat nama orang berkepentingan busway ngk ngk  ,1
bikin aturan anies anies tertawa ikutin g ikutin pemerintah ,1
penggemar berat sabar kepentingan virus corona patuh aturan ,1
indah menikmati integrasi stasiun rawa terminal rawa stasiun terminal ,2
subhanallah the best ,2
gubernur anies baswedan semoga keluarga lindungan allah iya robbal ,2
aamiin ,1
mantap lanjutkan allah ,2
penggemar anak ,1
zaman ,1
penggemar berat iya p anies ,1
anak kayak yaa ,1
penggemar berat iya ,1
nama pemimpin semoga anies keselamatan kota kedepan nama indonesia ,2
sejarah gubernur ,1
 ,1
maju kota mantap presiden ,2
kemarin lihat langsung banget ,2
selesai iya terima kasih anies tim stasiun integrasi csw pandemi hati csw anak suka  ,2
usul halte busway tj pancoran sisi arah halte tj  flyover persis halte tj pancoran sisi arah halte flyover bikin  ,2
semoga sehat iya presiden pakai rakyat engkau negeri berprestasi ajah ,2
masyaallah indah kota ,2
kotoran kotoran ,2
pemimpin ,2
stasiun diintegrasikan moda maju transportasi ,2
penggemar gubernur warga ,2
generasi muda kedepan ,2
sabar ,2
kali bagus usul anis ,2
menikmati gubernur sehat keluarga ,2
the ri semoga allah senantiasa melindungi keluarga ,2
tolong moda tj ,2
maju kota terima kasih ,2
orang kinerja  kayak ,1
mantap the best indonesia ,2
mantap calon presiden ,2
moda transportasi ,2
banget lihat  indah ,2
mashaallah negeri dki transportasi terintegrasi mantap semoga allah senantiasa urusan ,2
aamiin yra ,2
ngopi ,1
pamer pamer ,1
besi ,1
kena harapan berkah om ,2
terimakasih ,2
semoga sehat ,2
masyaallah semoga berkah maju doa pemerintah daerah dki ,2
gubernur rakyat semoga diamanahi jabatan presiden biar sehat sehat anis aamiin ,2
anis the ri ,2
pemimpin pemimpin indonesia pandai menata pandai menata ,2
negeri berani  pemimpin  ,1
suka anies banget ,1
semoga ,2
mari bantu beliau doa ,2
allah penggemar gubernur dki deh mundur ,1
penggemar berat mari mencari ,1
kerja p anies semoga medarkan masyarakat hidup negeri ,2
sadar pemimpin dn rakyat dn kelompok ,2
subhanallah indah semoga allah menjaga pemimpin negeri obat indonesia presiden indonesia ,2
aamiin yaa rabbal aalamiin ,2
penggemar berat aamiin ,2
semoga iya diamanahi biarkan  ,2
transportasi lbh pakai transportasi transportasi ,2
kayak layak kota job kerja ,2
kinerja rakyat ,1
sertifikat vaksin anak vaksin tanggal fatmawati sertifikat vaksin tanggal  ,1
  bangeet pandemi yaa ,1
selesai tolong anis si ,2
level presiden bagus ,1
semoga stasiun stasiun halte pindah moda transportasi ,2
muda kerja ,1
daerah situ situ stasiun pikir ppkm selesai iya ,1
penggemar beratkeren anu tujuan indonesia anu mantap ,2
kota mantab ,2
penggemar sabar  kayak bagus foto foto ,1
masuk fatmawati turun lantai lantai ,1
halte  ,1
jalan sehat ,1
berat ri kebijakan pergub sertifikat vaksin situ kecewa banget pergub kaya  ,1
anis ,1
donk bagus pusat terima kasih ,1
buka buka iya ,1
negeri ,1
internasional pemerintah daerah  ,1
coba deh halte mayestik turun  ,1
 the best baswedan ,2
stasiun diintegrasikan ,2
ah setuju ,2
sehat sehat ,2
 dunia ,2
anis daerah donk ,2
kirain kota  bagus ,1
sya trans  asli banget or  asli banget ,1
penggemar berat  kah ,1
penggemar berat iya  ,1
sich sya kerja bilang bawa jualan sich  semoga ,2
penggemar berat semoga iya aamiin ,2
aminn iya robbal alamin ,2
bangga orang kota  cantik maju indah ,2
seumur hidup kepanjangan csw cakra selaras wahana ,1
kepanjangan csw cakra selaras wahana ,1
anis bagus nama ajah ,2
terimakasih the gubernur indonesia ,2
the best ,2
mantap ,2
zaman turun anak muda coba lihat orang ,1
anak csw ,1
stasiun busway al azhar stasiun al azhar ,1
uang orang pinggir jalan makan beli orang kerja  ,1
serius kirain hilang kereen masya allah ,2
layak gubernur ,2
foto ppkm coba normal kaya ,1
semoga allah senantiasa aamiin ,2
aamiin yaa ,2
tangan anis indonesia anis ,2
 mundur layak gubernur  ,0
jabat ,1
semoga kota2 biar indah ,1
penggemar berat banget anis ,2
bang calon pemimpin semoga kerja gubernur ,2
masya deh persis semoga anis sllu tugas semoga sukses ,2
kerja ,2
sehat presiden indonesia anies ,2
kecewa banget ngefen banget buli saudara sukses aniestapi kecewa kebijakan belajar ancam guru vaksinpadahal anak  ,1
siti ona keterangan anak pekit ny mmng pekit ,1
berani g rumah pakai vaksinpadahal sakit g g  ,1
siti ona pakai sertifikat keterangan vaksin keterangan anak pekit ,1
lihat anies buli ngefen aniestapi kebijakan anies kali ,1
siti ona ny ,1
lapangan beda kelurahan pakai kartu vaksin bust ambil miris janda g kasih makan ambil kartu  ,1
siti ona lapangan bantuan pakai kartu vaksin ,1
berani  pusat bukti ,1
iya sekolah vaksin sakit ancam g belajar g kebijakan  ,1
iya warga tim sukses anis anies lon gubernur ,1
bilang sekolah mengerti bawa keterangan mh mmng ny ambil bukti anak sekolah dimana ,1
iya warga tim sukses anies ko beliyau lon anies pemilihan kepala daerah iya orang ,1
iya asli beliyau hati  amanah bust ,1
 jngn bukti ,1
iya semoga beliyau mengerti warga masyarakat  banget warga  masyarakat beda beda kebijakan  ,1
beliyau beliyau masyarakat  ,1
iya lihat anies mengerti masyarakat anies ko warga semoga anies amanah dn ,1
sekolah buka vaksin ,1
buka virus hilang vaksin virus iya kasih ,2
iya kasih aturan ,1
semoga ppkm biar ,2
an fasilitas transportasi mobil  pergi pulang ,1
maasyaallaah keras kerja kerja tuntas kerja ,2
uang masuk  biar jalan  ,1
the the ,2
stasiun kakak ,1
terimakasih anies ,2
sadar anies gubernur halte pakai anies gubernur ,2
mantab anies polisi tolong ganti ,2
pemerintah daerah peduli pekerjaan pekerjaan ,1
aparat manusia normal cari mencari uang ,1
salah transport ,2
penggemar kendaraan kendaraan ,1
mantap kerja ,2
csw cakra selaras wahana ,1
banget anies sya allah kota dunia ,2
mantap iya ,2
kah air dki biar air masuk tanah ,1
iya bagus ,1
fasilitas transportasi ,2
masyaallah ,2
kereen enak ,2
dki ,1
es ngak ,1
situ bikin kayak ,1
gubernur beliau ,2
terimakasih gubernur csw nama  ,2
terima kasih ,2
maju kota terima kasih gubernur tim ,2
gubernur iya ,0
serius kirain ,2
mari mari turun ,1
kirain gubernur ,2
masuk berita ,1
gubernur ,2
pemimpin dana disuruh anies ,1
kota anies indah semoga beliau sehat lindungan allah swt aamiin iya allah ,2
halte mayestik muda sanggup trans  ,1
transportasi busway terimakasih pemerintah dki ppkm vaksin ,1
cantik kota si corona barakallah anies ,2
mantap kereen cantik bangga bangun anak2 negeri pemerintah dki ,2
kah presiden negara internasional negara ,1
subhanallah beliau indonesia anis ,2
allah  ,2
anies ayo indah maju maju dunia jabatan biar presiden indonesia aamiin ,2
penduduk dki warga negara  ,1
kota kaum kaum rakyat susah negara ,1
covid anies semoga allah swt aamiin ,2
mashaallah berkarya indonesia ,2
warga bangga anies pandai menata kota ,2
masyaallah dki ,2
kerja pakai visi iya visi ,1
bang terima kasih integrasi  ,2
bang  ,2
anis barakallah ,2
selesai ,2
aman tangan  ,2
busway ,1
indah ,1
gaji deh dibayar ,0
penggemar iya ,1
menunggu ,0
eh iya ,1
kota rakyat gubernur  ,2
allah anies semoga sehat berkarya ,2
bagus job bagus deh ,2
langsung lihat berita ,0
jawa kebutuhan ,1
penggemar beratkeren kali situ bilang banget halte berat orang busway halte csw ,2
indah terimakasih anies kerja keras ,2
penggemar p anies ,1
maasyaallaah ,2
sukses sllu ri ,2
kereen iya ,2
terimakasih presiden ku allah ,2
kereen ,2
agustusan bikin lomba lomba bertahan ,0
menang vaksin ,1
maling ayam habis maling ,1
susah keras kepala ,0
lho lho lomba ,1
samir ,1
contoh warga aturan ,1
lomba makan ,1
anjing ,0
samir praturan iya praturan mmbuat rakyat hilang ,1
lomba kelaparan menang vaksin mati ,0
samir masyarakat patuh paok orang masyarakat ,1
samir semangat ,1
samir bego dipiara kambing dipiara gemuk ,0
tangan iya mencari makan ,0
sabar kaya ekonomi q kena keluarga kena covid orang untung sabar ,1
perpanjang ribu biar ,0
iya pemalas kerja pilih pilih giliran disuruh susah otakmu ,1
lomba laper ,1
polisi jng ,1
samir bilang males lihat melamar kerja dimana melamar males   coba deh ,1
samir aturan ,1
samir iya kerja uang yong iya wis cicil yong iya ,1
rakyat bikin aturan rakyat enak ,1
games ,1
samir bertahan hidup ,1
bang ,0
bang mikirin kantong si pintar bang ,1
samir mu ,1
samir patuh lapar tanggung ,1
allah menang menang yaa ,1
samir samir es kakak ,1
sok pintar disuruh pemalas suka komplain komplain otakmu pakai ,1
samir cari kasian keluarga uang haram ,0
orang orang pemalas ,1
lomba ,1
jokowi habis ,1
iya uang ,1
menang palang ,1
samir rakyat tanggung ppkm kelaparan mati covid mati kelaparan gaji ,1
samir bisnis vaksin iya mencari ,1
menang ,0
level ,0
kasian orang ,0
menang pejabt sandang lomba pejabt tertawa ,0
diperpanjang silahkan da ,1
samir si kasih uang rumah uang enak rumah bertahun enak rumah makan bikin mati ,0
ardiansyah eh males kluar rumah rumah kasih makan bilang  males si bodoh kakak ,0
samir iya ,1
soeputra cari ,1
samir silahkan diperpanjang tanggung biaya hidup rakyat indonesia ,1
samir patuh patuh ,1
vaksin ,0
wkwkwkwk anak yaa ,1
games lomba an bikin lomba iya ,1
samir kerja sono eh ppkm ,0
ppkm vaksin berpengaruh ,0
ayo lomba hutang lapar ,1
samir manusia kebakan ,0
lomba pakai masker lomba swab ,1
baksoo baksoo ,1
ardiansyah laper bakso bang pedes iya bang uang kerja dibayar vaksin ,0
soeputra makan kebutuhan ,1
bayar ,1
ardiansyah habis bayar pakai vaksin iya astra ,0
sengaja susah vaksin control ,0
hidup ngk susah ngk makan ,0
mantap indonesia ,1
tanggal jalan jalan ,1
samir dagang ku bahan pokok cuk sembilan bahan pokok cuk angka cuk cuk cuk ,0
patuh i enak makan gaji kerja dirumah ,0
 lihat ,1
samir aturan bodoh makan tu uang haram kah ,0
iya langsung vaksin biar mati ,0
samir bangun ,1
lomba uang ,0
vaksin manjur astra manjur imun masyarakat pekerjaan uang ,0
bikin imun iya ,1
mh ,1
orang sakit uang langsung sehat ,2
vaksin obat merah ,1
suka hati ,2
bos sistim imun jaman masyarakat ketakutan sistim imun ,2
tanggal merah  ,1
parah saudara agustusan kovid ,0
iya ramein persetan ,0
negara negara bertahan hidup selamat winner winner ,0
semoga allah ppkm level allah ,2
aminn ,2
aamiin aamiin aamiin ,2
yra ,2
rakyat indonesia ,1
boss ,1
 biar ,1
isu lolos ,1
susah negara kaum apapun  semoga allah swt orang rakyat  aamiin iya ,1
amin iya robbal alamin ,2
allah rakyat semoga pemerintah semoga allah ,0
amin iya rabbal alamin ,2
semangat masyarakat makan ,0
iya allah urusan ,2
ppkm level allah bertahan hidup ,1
macam2 ,1
iya gaji iya rakyat  kyak pdip butuh rakyat pemilihan penghianat rakyat pdip ,0
perpanjang silahkan da alias ,0
vaksin iya vaksin ppkm ,1
vaksin vaksin ,1
diperpanjang ,1
tolong rakyat semoga bertahan ppkm semoga rakyat jualan jualan jalan ,2
lanjutkan rumah jual ,1
pemerintah lonjakan covid lonjakan ekonomi ,0
bebasin iya biar mati ,0
pemerintah iya  masyarakat ,1
om ,2
rumah sakit kayak ekonomi sakit ,1
main sakit mati ambil ,0
giliran loo masuk rumah sakit kena covid biar ,0
nahh dirawat inap rs swasta covid dirawat inap covid bayar kemarin inap alasan bayar biaya kemarin adik ,0
covid lihat ,0
perpanjang bos level ,1
si boss ,0
kena x sakit rumah mkan minum sembuh rs pulang tanggal nama ,1
mikirin ekonomi bayar biaya rs ,1
deh kena sembuh makan stres ,1
coba ,1
vaksin larang vaksin mala meninggal bunuh ,0
coba lihat covid tolong ,1
normal covid ,1
jokowi data ,0
gamati dimana covid gamati ,1
masyarakat dipaksa letak ham ,0
level biar mati ,0
level deh ,1
silahkan perpanjang sesukamu mentri sehat mentri urusan si ngibulin cari orang ,0
terlatih makan lanjutkan ,0
presiden jokowi kepala terima kasih ,2
divaksin mati deh kali lihat tu deh mati ,0
mati kelaparan pemerintah indonesia ppkm lanjutkan ,0
habis vaksin sehat ,2
sok iya paok vaksin g ,1
iya ntr makan ,0
sbenar tdak alasan g sndri ,0
jangka pekit jangka ,1
ayu yah sodara rumah sakit tangan kovid  sodara sakit kovid   ,1
bodoh kali vaksin ,1
lanjutkan pakai kerja kerja kerja ,2
kepala ,2
ayu ayu iya bilang covid covid ,2
g vaksin kena divaksin langsung ,1
butuh makan dagang sekolah anak bayar hutang bayar ,1
roy sehat mati ,1
langsung ,1
mati hidup alhamdulilah vaksin makan   ber semoga  ,2
nandar vaksin spesies ,0
m divaksin ber sehat iya ,1
sm biar kaya ,1
smp puass g bkln ko cina mlh msuk ,0
roy anak ,1
orang m ,1
covid takut ber allah swt ,0
keluarga vaksin ,1
puskesmas vaksin habis doank ,1
divaksin cepat selesai ,0
vaksin prokes kena covid swab virus ,0
keterangan vaksin ,1
bingung vaksin tertawa ,1
makan masi hidup beli makan ,0
angka covid asumsi ,1
wna bawa virus indonesia ,0
ayu pekit pemerintah rs sakit bawa an bilang kovid ko dak masuk akal ,1
vaksin bikin ,1
semoga allah  ,2
covid bos biar ppkm level ,1
lanjutkan level ,1
maju kebijakan ,2
letak orang sabar ,2
laper bang susah cari ,1
hati sabar allah q habis kena untung mati ,2
bang isu bang ,1
lanjutkan mangan ,2
ppkm kaya wkwkwkwk aturan level ppkm ,1
ppkm diperpanjang tka masuk  ,0
diperpanjang tanggal kayak ppkm demo ppkm ,0
ma ,0
permainan bisnis semoga pertanggung ,0
aamiin iya ,2
kasih jngn ,1
ganjaran ,0
kah ,1
sekolah ,1
takut ,0
perpanjang ,1
jngn berhentikan ,0
bau bau ,0
ma enak gaji rakyat rakyat ,0
kirain ,1
perpanjang hidup ,0
perpanjang pemilihan suka sandiwara kayak ,0
ppkm pergi ,0
ppkm pelan mati ,0
jaman ,2
ppkm pelan pelan ,0
mesjid ppkm pergi mesjid ,0
rakyat mentri ,0
level level level ,1
level biar rakyatmu ,1
yaa allah ,1
jokowi ppkm dn kebutuhan rakyat bos ,2
bagus rakyat cari ,2
isu saudara ,1
kena covid prokes covid ,1
indonesia jajah orang ,0
indonesia jajah cina cina ,0
rumah bantuan ,2
 kaya ,0
nandar disuruh prokes ,0
the indonesia bilang dilaksanakan ,1
ppkm ,1
kaya teriak prokes teriak indonesia ,1
bos jabatan sakit corona ,1
masyarakat  tuhan ,2
setuju makan so menjaga imun masyarakat mesti virus ,2
deh yaa ,1
mati rs kemarin ,1
pemerintah keras masyarakat ,0
bukti masyarakat biar dimana ,1
pedagang ppkm negara iya ,0
makan beda hilang ,1
erinsa orang pelanggar ppkm dihukum tolong berita mengerti ,1
dunia yah tumpul kakak dunia anime anime ,1
erinsa tumpul pelanggar ppkm dihukum ,1
erinsa iya pelanggar ppkm ,1
ppkm meninggal pemerintah masyarakat deh ,0
adik bilang iya kakak belajar pakai main ku ,1
pertanggung allah orang ,0
pemerintah indonesia uang akhlak ,0
dikalimantan covid pekit meninggal sanggup melawan virus ppkm ppkm letak mesti menjaga waspada covid imun makan ,2
meninggal rs kah ,1
khoir meninggal rumah rs ,1
ppkm orang meninggal covid meninggal rs ,1
khoir kota meninggal daerah kena vaksin or imun boss ,1
lihat data jam rumah status meninggal rumah ane pusing ambulance macam2 ambulance jaman ,1
wis perpanjang mati ,0
boro boro beli kebutuhan pokok susah imun laper ,0
makan susah ,0
khoir ,1
imun cari makan batasi pusing ,0
pekit ,1
iya iya orang kopid kopid ,0
dikalimantan ppkm   daerah fasilitas ,2
meninggal ,1
kafeer ,0
covid anti prokes mn masker keluyuran kena masyarakat salah pemerintah manusia kayak ,0
situ mengerti medis pastiin covid medis pastiin langsung makan ,0
terkecuali spesies covid ,0
covid klu kena covid ,0
iya jt kasih uang tu covid iya ngak iya lonjakan ,0
rs ko mati kena covid ,0
kena si covid rumah sakit sembuh ,2
covid h ,0
masyarakat sehat daerah isu ,1
orang orang orang orang pulau covid orang orang takut allah virus tujuan  bisnis ,1
lvl beli biar mati ,0
the power lip service ,0
level level ny ,1
perpanjang biarkan penderitaan biaya jalan ,2
ppkm level ganti covid biar biar kesempatan ngk ,0
meninggal kebakan covid sakit orang ,1
pemerintah ppkm pedes banget ,0
ganti makan rakyat makan drever drever ,0
lv lv ,0
pusing dagang banget ,0
lanjutkan ppkm ,2
bantuan pemerintah susah bantuan bayar pakai susah ,0
iya corona g hilang sakit corona ,0
kayak jualan vaksin habis ,0
agustusan ppkm level desember ppkm habis desember level ,0
the bagus the ,1
arah  pemerintah agama rakyat ,0
perasaan ,1
perpanjang penalti ,0
ppkm lv biar kaya anak ,0
perpanjang makan rakyat iya jiwa biarkan lapar ,0
enak ayolah ,0
cepat rakyat kelaparan ,1
pemerintah daerah  suka ,1
rakyat peduli ,1
makan ,1
kemarin presiden ,2
lanjutkan ,0
jualan  bayar dibayar ,0
iya allah barangsiapa tanggung urusan hidup barangsiapa tanggung urusan ,1
trimakasih vaksin ,2
mati rumah sakit rumah sakit ,1
perpanjang langsung ,1
boss tka biar cepat level ,0
bos ku ,1
rakyat akal bos bertahan hidup ,1
indonesia ribu orang tka indonesia ribu orang imigran indonesia negeri orang indonesia mata terbuka ,0
pns ,1
gaji tanggal muda mantap ,1
maaf produk jaman kerja menjaga iya kerja ,2
iya gaji aturan negara tka gaji gede ,0
orang susah makan susah susah relawan papua biar semangat hidup wkwkwkwk ,1
iya gaji gaji kaya bikin bang bisnis iya sekolah ,1
ppkm orang meninggal ppkm pikir pakai menerapkan ,0
sakit pilek jantung auto covid ,0
iya allah ,2
uang cepat level mencari makan gaji negara ,0
habis virus virus boro cuk wkwkw ,0
jawa dicovidkan ,0
ngak ngak ,1
biar pinokio aman presiden bertambah  orang t ,0
perpanjang biar rakyat mati kelaparan gemuk sehat ,0
tolong biar ,1
perpanjang jabatan ,1
orang migrasi ,1
yok ,2
kah berita kena uu ,1
berani angka buka data angka angka covid ,2
ppkm iya ,1
jawa ,1
sehat covid kena covid saudara ,0
nugroho lon ,1
nugroho jabat ,1
didunia pekit beriman beriman takut sakit mati ,1
menunggu level ppkm ayam sembuh ,0
jokowi gmna perpanjang gmna hilang covid permainan pemerintah ,0
ppkm jalan ,1
maaf orang sakit cari sehat pakai data sembuh bilang ,1
kebutuhan cepat ,1
cepat sembuh ,2
turun permainan kovid ,0
ane main level up susah giliran level up ppkm ,1
pulau ,1
alhamdulilah ppkm perpanjang indonesia sehat iya rakyat rakyat ,2
level donk ,1
rakyat mu makan terimakasih ,1
dunia masyarakat ,0
level biar kemarin bilang menurun ,1
menunggu selesai habis ppkm ,1
gagal covid mundur ,0
lanjutkan jabatan mu habis ,1
semoga pemerintah prinsip biar iya ,1
saudara vaksin negara ,2
semoga cepat ,1
presiden ,1
pemerintah kaya ,1
perpanjang jangn ,1
ppkm selesai masyarakat ayo ,2
dpr mpr gaji gaji kasih rakyat berani pusing pusing kesusahan makan ,0
negara kasih makan rakyat  ,0
biar allah ,0
mobil mobil mewah mewah jual uang  rakyat kasih fasilitas mewah ko gaji coba gaji rakyat ,1
bingung semoga allah swt ,2
ppkm perpanjang rakyat ,1
perpanjang level ,1
pakai masker pakai alat swab prokes dagang alat pcr ,1
mbak ayu ayu pendukung fpi ,0
kholik tolol ,0
kholik pakai akal sehat ,0
coba alat alat ,1
alhamdulilah perpanjang sukses indonesia ,2
normal hidup kopid ,1
covid bingung covid enak ,1
untung migrasi lolos ppkm tertawa ,1
ayo bikin lomba mkan pakai masker ayo ,1
ekonomi covid ,1
level biar lapar ,0
diperpanjang nama level ,1
terima pemerintah eh makan kasih ayam  bau ,0
perpanjang pemilihmu ppkm biarkan pemilihmu ,2
ku mu jokowi ,2
ppkm level ma level ,1
tanggal tanggung ,1
perpanjang rakyat butuh makan kebijakan anak anak butuh biyaya hidup ,0
indonesia maju singapura covid flu ,1
indonesia covid pulau jawa menggiring bebek menggiring bebek ,1
lonjakan ,1
beda singapura negara negara hutang  ,1
anak kerja ,1
diperpanjang diperpanjang diperpanjang ,2
kagok perpanjang kakak saetik saetik masyarakat mu terlatih makan ,0
vaksin indonesia divaksin ,1
tanggung diperpanjang pemilihan ,1
jawa habis beli kebutuhan pindah jawa biar ,1
cepat masyarakat masyarakat pemerintah ,0
rakyat mati sulit cari uang mati covid rakyat ,0
agustusan lomba bertahan hidup ,1
masyarakat mati covid mati ,1
lonjakan covid warga covid indonesia menurun ,0
iya mati covid ketahuan tolol covid keluarga aman deh ,0
sa contoh orang bodoh coba covid ,1
sa coba kasih pcr virus bukti  ,1
bodoh bang dn pcr virus ,0
dana covid pemerintah rumah sakit ppkm ber level level rumah sakit data covid langsung menerima dana covid ,1
lvl ntr ,1
enak diperpanjang tuntas ,2
coba pemerintah dana rumah sakit biar rumah sakit data covid ujung ujung  ppkm level ,0
hidup negeri ,1
gass lanjutkan biar ,0
salah kena ,0
rumah jual membayar biaya hidup semoga pemerintah rakyat ,2
ppkm lvl ,1
ppkm level lapar kayak ,1
perpanjang allah dunia negeri ,1
skr nama ppkm skr ppkm pakai level ,0
beda ppkm hidup mati swt ,1
apapun ,1
semoga diperpanjang ,2
jawa vaksin covid sehat ,0
negeri ,0
menunggu diperpanjang nama deh ,1
level level ,1
enk iya wna kluar masuk indonesia larang ,0
kali masuk rumah ,0
kena kovid banjir allah swt ,1
meninggal covid vaksin pergi urus sulit ,1
ah mangan biar biar sehat mkan iya ,2
ppkm perpanjang tanggal biar aman ppkm ,1
g selesai tanggal diperpanjang ,1
salah perpanjang ,1
mati ,1
enak  ,1
deh level langsung ,0
kayak  penjahat kelamin ,0
covid kebutuhan rakyat ,0
kebutuhan bantuan cepat aturan  cepat bantuan ,0
cepat rakyat main ,0
vaksin covid ppkm ,1
ppkm rakyat makan tka ,0
kumaha pertanggung jawaba ,1
seumur hidup rakyat ,1
hidup ,1
ayo pilih jokowi hidup susah ,0
yok semangat  ,2
lonjakan covid yaa alat pcr  ,1
tanggal diperpanjang ,1
perpanjang ppkm biar mati perpanjang lihat mati ,0
pakd masi ppkm pakd ,1
beda ppkm level masyarakat prokes pandemi indonesia masyarakat sulit ,1
rakyat lihat masker corona ,1
negara iya masyarakat ,0
memakai masker butuh masker tangan menjaga orang o ,2
rumah sakit covid dicovidkan ,0
ppkm perpanjang ,1
pemerintah masyarakat ,0
ppkm  nonton ,1
ppkm asumsi ,1
rakyat kelaparan langgar ppkm ,0
nama ganti ppkm ,1
bikin pusing ppkm susah  cari uang pedagang ,1
negara menjamin rakyat patuh dirumah kebutuhan bisnis phk pandemi maaf prokes keluarga ,0
lanjutkan rumah ,1
tanggung tanggal biar kerja mati mati kelaparan virus corona ,0
hidup negara hidup ,1
indonesia berita bencana covid coba lihat negara bencana banjir coba indonesia bencana negara biar hilang berita corona ,1
indonesia negara ganti covid cepat ,1
ppkm perpanjang tolong butuh kerja tolong ,0
beli vaksin pakai gaji rakyat setuju kovid cepat ,1
perpanjang biar ,1
teros level masyarakat msyarakat mati ,0
ppkm pakai level ,1
oky cepat lanjutkan ppkm lanjutkan mantap ,2
virus buka ppkm pekit turun indonesia ,2
perpanjang masyarakat ,1
jawa jawa sabar kantong t ,1
semangat lanjutkan ,2
sehat sakit mu ,2
semoga bantuan aamiin ,2
kaya kaya miris negeri ,1
apapun kebijakan pemerintah dpr hati pemilihan alias golongan ,1
biar golongan ,1
akal pemerintah ri ,1
rakyat mati kaya ,0
lihat data lihat langsung covid  langsung bener2 permainan pemerintah mulus banget ,0
diperpanjang ppkm pegawai negeri digaji biar cari ,0
diperpanjang presiden puas rakyat ,0
smp jam ,1
rumah makan minum uang ppkm level ,1
cepat cepat cepat cepat bayar cepat cepat ,1
perpanjang seumur hidup iya biar bener2 ,0
sm sya makan allah bangun rumah ,1
klau covid ,0
deh pertanggung ,1
ppkm hutang ,1
x perpanjang ppkm level level semoga covid cepat lep dunia aamiin aamiin aamiin iya ,2
isu rumah prokes ,2
dana covid rumah sakit butuh rekrut gaji covid hilang ,0
lanjutkan sesukamu level rakyat terlatih makan ppkm penduduk menunggu dibumi ,0
deh hati hati rakyatmu ,1
ppkm level level rakyat mati ,0
ppkm tka cina masuk orang ,0
berita lihat sembuh ,2
fakta polisi salah pemerintah kepala presiden jiwa ,2
apapun pemerintah ,2
mati hidup butuh makan pekerjaan bayar tolong ppkm ,1
sakit takan covid ,0
perpanjang masyarakat covid ,2
main ,1
pusing perpanjang uang susah susah uang ,1
agustusan ,1
keluarga butuh ppkm ,2
iya allah kecewa sm menunggu kerja makan iya allah ,0
semangat ,2
perpanjang anak gaji bayar bayar spp makan ,0
kerja orang drmhkan gaji pekerjaan eh drmhkan ,0
rumah bayar ,1
iya banget iya banget bayar ntr ,1
pemerintah menekan angka covid menekan angka kelaparan ,0
covid pakai masker kena covid ,1
kluar   manusia mati indonesia obat cina coba ,1
makan ayam level ,1
ppkm ppkm apapun perasaan pakai ,1
enak negara pegawai rakyat mati kelaparan ,1
nama ,0
rakyat ppkm pemerintah amin iya robbal alamin ,2
perpanjang kayak nga orang susah ,0
ayo ppkm ,2
pemerintah covid rakyat buta wakil rakyat woyy ,0
rakyat harta pola pikir susah woi nama pandemi woi woi dunia susah ,0
iya allah anak jual makan paktolong butuh mkan pakai ppkm ,2
jawa pindah jawa langsung ,1
meningkat kejahatan meningkat ,0
stres rumah ,1
ko pakai ,1
tu rumah orang ,0
takut corona ppkm ,0
pemimpin pegang omongan pemimpin rakyat allah ganjaran tanah menerima ,0
covid suka ,0
rakyat indonesia jawa ,0
tu nama ,1
eh jawa ma medan kota2  jawa ppkm medan kota kena ppkm ppkm ,1
ziemouse berita jawa ,1
jawa doank berita jawa daerah kena  ,1
ziemouse kena jawa jawa pulau jawa indonesia diperlakukan ppkm ,1
agustusan bendera ajah ,0
perpanjang ppkm beli trimakasih prokes ,2
ngk ppkm rakyat jalan rumah sakit indonesia bakar ngk pekit ,0
lomba bertahan hidup nama virus ,1
meninggal rs masuk data covid mati kena covid masuk akal ppkm teruss orang mati jantung  ,0
ppkm pendemi tka masuk ri manusia bangsa domba membantai kejahatan tersentuh bangsa dunia hidup mpr rakyat mundur ,0
kali aturan rakyat biar masuk rakyat pribumi kasih aturan sengsara ,0
dana lancar ,1
perpanjang rakyat mati hidup sndri ppkm makan level ,0
atasan masyarakat kyak kerja masuk masuk mati covid mati ,0
permainan permainan ,0
nyusahin rakyat ,0
perpanjang ppkm masyarakat mati kelaparan ,2
ppkm menurun ppkm perpanjang daerah level daerah masing2 ,2
meningkat  ppkm ,1
perpanjang biar dunia ,1
kebutuhan cepat cepat lapar cepat bayar cepat jual cepat cepat pusing mikirin ,1
perpanjang biar rakyat ,0
orang kendaraan mobil ,1
presiden bilang terbukti menjaga meninggal semangat ,2
ppkm diperpanjang ,1
 mati tuhan ngatur ekonomi rakyat  anak ,0
level  ,1
berkuasa kayak ,0
mati covid mati ,1
pns aparat negara kepentingan ,1
jt jiwa mbak pekit diabet gagal jantung pakai orang mati harapan mati diabet gagal jantung ppkm ulah manusia makan tidur jam normal iya use brain ,0
soputro use brain mati kopid pekit orang kopid mati kopid bego ,0
lidya komentar iya report kena uu ,0
lidya komentar ntai hati hati ,0
soputro anak orang bodoh ,0
lidya asli banget iya netizen komentar sehat bilang orang bodoh data komen ,0
soputro tertawa orang manut manut disuruh pemerintah kaya silahkan kena covid ,0
data ,1
lidya kayak langsung orang an report anjing netizen kerusuhan ,0
ppkm mata ,0
cicil langsung ppkm rakyat cicil rakyat ,1
oky lanjutkan ppkm ,2
perpanjang mu mu ppkm lv ,0
pemerintah kena covid ,1
ppkm perpanjang rakyat mati ,0
ri joko ,0
ribu isu   ,0
rakyat cari harga mati ,1
alhamdulilah ,2
jokowi perpanjang covid hilang deh ,2
corona pindah pulau biar ppkm ,2
 perpanjang ekonomi biar susah ,0
perpanjang si adik v perpanjang biar mantap ,1
cabe sandiwara ,0
corona akn covid lip service ,0
habis jawa bikin ,0
meningkat ppkm berpengaruh berpengaruh mencari makan ,0
ppkm level rakyat wis bosen ,0
si masker biar makan mati ,0
rumah sakit  kenaikan angka covid bangun donk pemerintah do ,0
dunia pekit habis sejarah masyarakat mati ,1
menunggu vaksin habis ,1
diperpanjang selesai ,0
pindah negara makan negara bantuan rumah phk ,0
ppkm mati virus menekan ,0
warga negara  lomba2 kali nama  lomba2 ,1
lomba maju ,1
perpanjang uang t biar rakyat selamat kelaparan ko kasih makan alias masyarakat ,0
kemarin bilang turun bilang bingung ,1
perpanjang cina masukkan ,0
corona sehat allah ,2
virus covid nama virus ppkm virus ppkm mati kelaparan ,0
banget ppkm pelan pelan mati ,0
darimana ,1
parah parah ,0
rakyatmu mati stres ,0
ayat ayat satria piningit tuhan satria piningit jalan tuhan firman orang satria piningit tangan pemimpin indonesia bangsa indonesia pemimpin indonesia pemimpin indonesia membuka pintu gerbang istana satria piningit pintu gerbang istana pintu gerbang palang besi pintu gerbang istana masuk satria piningit damai satria piningit firman tuhan mari satria piningit pergilah kepala istana istana tuhan kepala istana presiden jokowi jokowi orang istana jokowi jokowi jokowi tanah situlah jokowi situlah jokowi jokowi jokowi jabatan jokowi memanggil satria piningit presiden satria piningit presiden satria piningit presiden tangan satria piningit satria piningit penduduk bangsa indonesia kaum bangsa indonesia rumah istana satria piningit satria piningit membuka satria piningit membuka satria piningit harta harta satria piningit memanggil satria piningit nama bangsa indonesia kepala istana firman tuhan damai seumur pergilah kepala istana presiden jokowi firman kepala istana presiden jokowi firman ,1
lomba level ,1
kena covid giliran sembuh covid ,0
lihat ,1
perpanjang th wis kabeh ,0
diperpanjang orang ,1
covid rakyat butuh makan biaya hidup ,0
level cina ,1
pemerintah sadar ,0
ppkm kriminal kota prokes rakyat makan minum ,0
kasihan orang ,0
rakyat patuh kasih makan ,2
ppkm tangan ,2
fungsi vaksin ppkm ,1
ku habis makan kasian orang peduli arah tujuan presiden rakyat mu rakyatmu rakyatmu hidup rakyatmu beban berat ,0
jawa donk perpanjang diperhatikan biar ppkm ,0
pekanbaru riau jawa susah pakai pcr sanggup ,1
kota pakai uang susah iya ,0
iya semoga pemerintah masyarakat ,0
iya mbak semoga hati beliau tersentuh rakyat kesusahan berat mbak beliau ekonomi rakyat diperhatikan ,0
aamiin iya allah ,2
iya mbak amin sabar mbak iya ,2
ppkm lolos cina biar cina kluar masuk rakyat ,1
data kemarin  menurun sehat ,0
jaman maju ,2
level kaya masyarakat bkln ,0
pemerintah buka komentar tv tv swasta rakyat ,0
sllu covid bilang membantai scra pelan rakyat ,0
data asli rakyat ,1
cepat kepala negeri tikus ,0
semoga negara amin biyar cepat ,0
situ ,2
covid mati kelaparan cari ,0
perpanjang seumur hidup cokk pemerintah cokk ,0
blom rakyat susah peduli ,0
habis ppkm ,1
perpanjang rakyat kelaparan ,0
ppkm desember ,1
setuju diperpanjang imigran jt selesai ,0
data orang meninggal covid corona akal sehat kena ,0
butuh makan rakyat ,0
perpanjang jangn kayak jualan ,1
semoga normal kemarin kemarin sakit biaya swab jual ,0
negara ssah ujung salah ssah ,0
sadar habis ppkm si covid ppkm lawan covid ,0
masyarakat vaksin vaksin heboh ,0
blom stres ppkm  deh rakyat ,0
perpanjang wna masuk lapar ,0
ppkm level ppkm level ppkm masyarakat bayar pemerintah gaji dibayar ,0
perpanjang seumur jayalah negeri jayalah negeri ,2
orang indonesia komen ,0
perpanjang pemerintah truskan ppkm lanjutkan level truskan sodara mu masuk indonesia biarkan rakyat tujuan ,0
klau virus covid mematikan ma virus ma rakyat stres imun imun turun virus lihat rakyat kyak main ,0
diperpanjang bantuan rakyat bakar hidup satpol ,0
piye sekolah sekolah sekolah ,0
ppkm pemilihan kepala daerah ,1
biar rakyat mati kelaparan kroni kesempatan makan uang rakyat ,0
jajah ,0
vaksin rakyat vaksinn ppkm ,1
jawa jawa jawa biar ,0
kalow kopid kesejahtraan urus ,0
meninggal klau bos ,0
bkln ppkm acara negara saudara acara auto ppkm pemimpin ,0
hutang ppkm tikus cepat iya ,0
lanjutkan enak bayar pakai ,0
covid kena covid enak banget ,1
orang sakit covid turun  ,0
ppkm lanjutkan penalti ,0
perpanjang desember ,1
main ppkm pakai masker pakai masker janda jande muda indah ppkm deh warung jande muda ,1
perpanjang ajah ppkm rakyat habis hidup ,1
bingung pusing dak terima ,1
demo perpanjang diem ,0
biar bodoh orang negara ppkm angka covid turun ppkm menambah hutang ,0
mati ppkm mati covid ,0
selamat ,2
kena allah swt kenapa orang larang bantuan ,0
kebakan mati rs takan covid covid  rs rumah kena covid mati ,0
kumaha tertawa hidup indonesia era ,0
demo bayar ,1
lanjutkan demo an turun tangan rakyat pemerintah pejabat2 orang hidup kesusahan ,0
iya allah rakyat  kelaparan dimana ppkm orang covid covid ,0
perpanjang ppkm dunia biar warga klu ,0
ppkm anak sekolah presiden coba masuk sekolah guru ,1
ppkm biar covid menurun meningkat ekonomi ,1
lanjutkan ppkm biar rakyat mati lapar ppkm ,0
tuhan hidup bantuan pemerintah ppkm dana ,0
ppkm manusia negara hidup kebijakan ,0
pemerintah masuk level ,0
rakyat ,0
perpanjang da vaksinn ko da ,1
allah garis ti allah ,0
perpanjang donk ,2
alihkan rakyat ,0
mpe indonesia ,0
susah masyarakat masyarakat aparat satpol pulang pergi daerah iya bahan mengandung ,0
lanjutkan ppkm level ,2
so ,2
biar ,2
tuhan covid lanjutkan e deh ,0
nggk ,0
bar bar acara unjuk mati ,0
wis ngopi ,1
ramein so ulang ri rakyat ,0
mati beli kerja tolong ,0
pelan pelan iya ppkm hutang yaa negara ,0
covid rumah angka menurun ,1
rakyat indonesia mati ,0
lomba kelaparan ,0
nek covid rs ma oknum2 rakyat deh mata  tuk dak ,0
we ,0
pcr kah rakyat ,0
ppkm sejarah ,1
flu silahkan rumah sakit ,1
bener2 presiden rakyat ,0
iya allah amin ,0
iya ppkm ,0
tolong bos iya bangun langsung tepok jidat iya bos ,0
orang mati vaksin data kena virus jabarkan ,0
ppkm diperpanjang rakyat lapar negara sanggup makan orang kena ekonomi ,0
ppkm iya jawa ,1
perpanjang biar stres ,0
makan rakyat nyusahin rakyat teros ,0
tolong diperpanjang masuk kerja kasih makan ,0
iya corona ,0
turun meninggal ,0
sabar iya ,1
kumaha ,1
anak istri makan bayar gaji lha pedagang buka jam habis anak istri makan bayar ,0
stres ppkm ,0
perpanjang biar mati kena mati kelaparan blt kluar ,0
ppkm perpanjang penipuan hati ,0
meningkat covid berkurang ,0
wna g masuk apapun ,1
dn keterangan ,1
meninggal manusia ,0
lanjutkan ppkm setuju ppkm rakyat menerima uang presiden rakyat butuh uang makan hidup ,2
uang darimana saudara ,1
sanggup hidup ppkm enak uang makan orang anak anak kasian makan si negara ,0
dunia allah swt virus corona manusia  coba coba urusan allah swt tugas  aamiin ,2
meningkat klu mati dicovidkan meningkat klu ,0
negara negara mencari covid cepat negara covid cepat selesai ,0
perpanjag perpanjang lapangan aparat  ,0
lihat rakyatmu adik covid kelaparan ,0
bilang habis jualan vaksin  ,0
rakyat kerja cari smp baju hidup diusir kontrakn bayar uang kontrakn ,0
coba masyarakat kaya pemerintah mh disuruh iya iya ,0
jngn jawa doank data ,1
batasi perpanjang harapan rakyat menunggu menunggu maju salah mundur salah ,0
rakyat omongan ,0
ppkm penipuan pemerintah masyarakat kepentingan ,0
perpanjang si manusia rakyat kaya kaya atasan allah swt ,0
pemerentah pemerentah nambahin hutang doank hutang nambahin susah anak akal masing2 pemerentah biar mencret demo2 nambahin hutang ,0
negara masi ,0
deh indonesia gara gara deh jangn ,0
allah swt manusia ,2
corona ppkm akn diperpanjang level jabatan selesai dikit dikit ,0
biar rakyat ,0
semoga indonesia ,0
rakyat rakyat nama ratakan ri ,0
biar rakyatmu mati kroni hidup bikin aturan masuk akal ,0
diperpanjang tanggal ,1
perpanjang kagok gmna rakyat demo p joko ,0
deh uang ,1
sakarepmu ,0
vaksin vaksin ppkm ,1
mencari uang bunuh ,0
ayo perpanjang wii ,2
data data abal abal presiden ,0
lanjutkan rakyat jokowi rakyat makan ekonomi ,2
ppkm  perpanjang rakyat mati gara kelaparan ,0
pegawai enak makan tidur dirumah gaji rakyat pegawai makan makan ,0
ganti ppkm ,1
iya diperpanjang ,2
indonesia susah meningkat pekerjaan covid  angka sbenar bodoh ,0
ppkm perpanjang ganti ,1
tertawa ,2
adik ,1
kebutuhan cepat rakyat butuh biaya hidup ,1
cepat rakyat sengsara ,0
buka lapangan kerja ekonomi ,0
sakarepmu boss ,0
batasi warga masuk virus ,0
corona kena kebal g ,0
pendukung jokowi beliau ,0
jok makan rakyat ,0
s t o p b a a r p a j a ,0
ppkm sakit sakit minum obat sakit ,0
orang mati kelaparan covid ppkm vaksin ,0
kasian penelitian penelitian ppkm perpanjang ppkm pusing ,0
klau ppkm cina ,0
iya pilek bilang covid iya covid iya ,0
perpanjang perpanjang ,1
uang uang heboh bikin berita perpanjang rakyat deh rakyat uu rakyat isu ,0
heran mundur iya ,0
bilang sm rakyat ppkm ,0
indonesia deh ,0
 meningkat kopid  diperpanjang kopid  iya ,0
perpanjang agustusan bendera ,1
bkln sodara ,0
hutang rakyat ,0
perpanjang bendera ,1
ppkm level presiden seumur hidup ,2
kebutuhan rakyat ,0
mpe perpanjang ,0
bayar hutang ,0
rakyatmu ,0
perpanjang mati bunuh ,0
biarin ,0
ekonomi rakyat kebutuhan pekit manusia corona kena balasan uang haram lep allah balasan orang covid ,0
perpanjang jokowi ppkm mn  sakit kovit ,0
g berpengaruh ppkm mu g ppkm biar hilang covid ny ,1
ppkm puskesmas level kelurahan relawan covid rumah sakit ,1
bosen seminggu seminggu perpanjang tanggal perpanjang tanggal perpanjang  ,0
semoga diperpanjang iya kasian rakyat ppkm level rakyat indonesia menjaga kayak iya klu iya diberlakukan ppkm rakyat indonesia kedepa masyarakat indonesia ppkm biar ngak kedepa menjaga memakai masker biar ngak kendor klu kendor ,2
level ta perpanjang iya langsung ki lho ,0
ppkm cina bukti ppkm meningkat angka ,0
jokowi jok takut demo ,0
ppkm teruss ajaa ,0
data sengaja lapangan uang rakyat covid covid virus covid ,0
kaya perpanjang takut ,0
kaya pekerjaan berat hutang mencari kerja susah bantuan penderitaan ku klau mati mati kelaparan ,0
iya orang mati ,0
berpengaruh ppkm ,1
perpanjang pemerentah berani iya kapal laut semuaya perpanjang ,0
ppkm lolos bantuan ,1
orang perpanjang salah salah rakyat mari sadar himbauan pemerintah pakai masker tangan pakai pandemi covid cepat semoga swt menerima pandemi covid aamiin yaa robbal aalamiin ,2
depkolektor ppkm uang tu depkolektor tolong ,0
perpanjang pa2 ,0
semoga naikan sm jokowi covid keluarga negeri habis ,0
ppkm kasih kesempatan ,0
nyontek letak nyontek ,0
penjahat kelamin iya biar penjahat kelamin ,0
perpanjang kerja rumah gaji butuh biaya hidup tolong beda gaji jalan ,1
ppkm pandai pandai ,0
cepat alias cepat mundur ,1
diperpanjang berita  jawaba ,1
ppkm perpanjang pandemi covid tolong kasih keluarga ,0
diperpanjang jokowi m ,0
klau ppkm tameng demo mahasiswa jngn pedagang lapar ,0
diberlakukan  ppkm jawa bangsa virus covid penderitaan masyarakat ,2
virus sehat butuh makan ppkm dn hidup sehat ,2
jowo kebal ki ,0
mundur jabatan pulang rumah pulang ,0
kasih rakyatmu engkau engkau rakyatmu ,2
pemimpin bangsa buta rakyat bisnis ,0
perpanjang pol kasih ppkm  ,0
bertele nk pemimpin kui ,0
bikin susah ,0
perpanjang adik gass kasih gass ,0
orang habis vaksin mala tanggung permainan iya sengaja bikin rakyat mati pelan pelan ,0
jokowi bangsa ,0
masyarakat ,0
perpanjang rakyat berani mengambil berani kebutuhan sekolah bayar rakyat mati pekit mati kelaparan imun turun rakyat bingung ,2
ayo ,0
ppkm pekit kembalikan allah orang sehat ,0
jng ,1
iya allah ku karyawan menurun karyawan gaji kebutuhan cari uang hidup bantu orang kayak ,2
cepat covid berkurang jawa meningkat puass ,0
planga plongo ,0
silahkan mu ,0
virus  jawa  si covid masuk buka kota rakyat ekonomi indonesia ku mu ,1
anak makan ppkm coba lihat ,1
ppkm level perpanjang cari uang aturan pemerintah anak makan ,0
jokowi  mundur ,0
diperpanjang ganti nama diperpanjang diperpanjang menunggu isu lonjakan covid ,1
bisnis vaksin iya negara pakai vaksin rakyat pemerintah ,1
kasih sembilan bahan pokok bantuan rakyat bingung nhn lpar anak nhn lpar buka en ,0
mobil ,0
habis  jokowi ,1
jokowi rakyat sengsara ,1
tertawa ppkm langsung rakyat woyy rakyat butuh makan ,0
tolong pariwisata tolong dibuka aturan aturan vaksin berkarya langsung ,2
pariwisata paktolong dibuka prokes ,2
iya sabar iya deh aturan ,2
biar pemerintah puas ,0
istri anak butuh makan gaji enk  kayak gni obat harap mati tuk jokowi tolong  anak istri makan cari uang susah cari uang haram tangkap ,0
berita sopan iya nama presiden presiden jokowi presiden jokowi  ,2
ambil terima rakyat ,1
mati ambil rakyat ppkm rakyat corona susah cari uang makan biyaya ,0
muak banget lihat tikus ,0
angka meningkat mala mematikan ,0
perpanjang kasian rakyat bisnis rakyat ,0
kertas uang pergi pcr ,0
ppkm manusia orang rumah kena makan rumah beli kebutuhan hidup obat bertahan hidup ,2
kena covid kebijakan anak2 sekolh sekolh orang kerja tolong ,2
ppkm lanjutkan ,0
jokowi kasih belajar buka ,2
muak ,0
iya lihat tu orang ,0
susah ppkm susah ppkm harga mati ,2
mati makan ,0
indonesia kaya kerja makmur makan pakai pakai ppkm lanjutkan makan tu ppkm ,0
biarkan rakyat mata mati kelaparan mati ekonomi maaf iya rs pemerintah ganti sakit biarkan membayar medarkan masyarakat melindungi bertahan hidup layak hidup ,2
ku ,0
jokowi turun  ,0
ppkm kasihan pedagang ,1
perpanjang level t ,0
jokowi maaf masyarakat indonesia hati data orang covid orang orang covid sembuh anak anak belajar sekolah anak anak semangat orang anak generasi muda anak anak menerima terimakasih ,2
ppkm perpanjang  akn kenaikan lvl lvl rakyat sabar akn biar rakyat kcil susah praturan akn hidup  iya enak ayo anggota praturan uang ,0
ppkm warga indonesia ppkm warga ,0
ppkm jokowi hati berhentikan ppkm hati rakyat ,0
perpanjang  pinokio ,0
bertahan hidup manusia x kanan kanan kanan ,0
polisi ,0
anti polisi v ,0
blusukan  ,0
bertele ,0
rakyat makan ,0
ppkm qta corona rakyat qta allah ma corona ,0
boss ppkm jalan ,0
kovit akbar takut masuk mesjid ,0
tali kendor ,0
pusing adik ,0
cina masuk ,0
makan deh ,0
kasihan tu rakyat permainan level level ekonomi masyarakat warung rakyat permainan pemimpin rakyat orang kopid bisnis ,1
cari bebasin ppkm ,0
ajoor rakyatmu nek sandang cepat kecewa ,0
piye mati ,0
diperpanjang dijajah indonesia dijajah kerja makan susah  ampun ,0
ppkm pa2 presiden pns kerja pemerintah ,0
mati kelaparan rakyatmu jokowi masyarakat ,0
ppkm jawa jawa ntr jawa selesai ,0
klu bunuh orang ,0
data  ,0
kecewa lihat data dirumah sakit blusukan ,0
rapat pemimpin ,0
tawuran iya ,0
bau perpanjang hadehh ,0
presiden tertawa ,0
lho level pemerintah sengsara rakyat kyak gni sm scra masal msyarakat pemerintah sok sok aturan kebijakan kesejahtraan msyarakat ,0
perpanjang kono ora kono covid kono ora kono vaksin kono ora kono bertahan hidup mati ,0
perpanjang teros mati perpanjang ,0
pemerintah rakyat indonesia makan manusia pekit apapun corona dn waspada dn ,2
silahkan pemerintah silahkan pemimpin silahkan ,0
meningkat rakyat manut ,0
g berpengaruh perpanjag kakak kasih uang makan seminggu s x presiden nama  alias ,0
ora ,0
cepat ,0
si ,0
kerja pakai masker kena nama covid main ajja orang kerja an deh muak ppkm beli ajja rumah aturan sekolah pemerintah  ,0
cepat cepat ,0
kopid ngak habis ,0
cina masuk ppkm ,0
ppkm rakyat pemerintah kerja iya kerja ppkm ,1
rakyat muak ,0
iya perpanjang ,1
seumur hidup ppkm  bantuan mati ,0
rakyat mu vaksin rakyat tem rakyat tem do sakit imun makan kena rakyat brng pilih mlh rakyat mu brng gaji pns ,0
ppkm biar mati kelaparan orang ,0
iya himbauan pemerintah bikin bawa pulang biar ppkm kayak suka bangsa covid orang sakit lbh cepat ,2
ppkm mencret ,0
permainan orang orang kasihan  tameng  dana uang ,0
ppkm tolong rakyat enak pegawai negeri berpengaruh gaji makan rakyat ,1
bodoh permainan iya mati ,0
maaf negara ,1
selesai  iya ampun ,0
rakyatmu ate ate ta ppkm perpanjang dana bantuan q bayar spp q dadi presiden ,0
tuntas tuntas kalow ,0
da kaya biarkan ,0
ppkm perpanjang kerja ,0
akbar covid ,0
 biar mati makan orang cina masuk ,0
adik  ppkm perpanjang makan rakyat kcil  ppkm ma mati anak ,0
normal deh ,1
level perpanjang level manusia pegang harap sabar x x harap rakyat ,0
meningkat kabeh ,0
diperpanjang rakyat ,0
ppkm perpanjang ppkm jangn perpanjang ppkm selesai ,0
jokowi ,0
ppkm bencana pedagang ,0
teriak corona takut corona mati urusan allah swt eh ppkm takut mati kelaparan cari allah menentukan berusaha ,0
adakan ppkm bertambah vaksin bertambah mundur sja sya covid indonesia ,0
we joko jok ,0
enak iya pemerintah makan rakyat makan makan sehat rakyat mikirin hutang bunuh rakyatmu pemerintah berbisnis corona berbisnis rakyat pemerintah corona harga harga orang kalok ,0
lapar ,0
corona lep pemerintah rakyat ppkm diperpanjang patuh pemerintah salah ,2
bikin orang ppkm terbukti angka covid ppkm ekonomi masyarakat turun hilang ppkm rumah sakit sanggup kena covid kemarin rs orang mata lihat ppkm tuhan untung selamat keluarga hidup covid covid kena masing2 ,2
wii ,2
diperpanjang jokowi ,0
ganti ,1
ntr jam ,1
perpanjang  seminggu ,0
 asli ,0
diperpanjang rakyat butuh uang hidup bantuan ppkm selesai diperpanjang kena phk ppkm ,1
the jalan cari pinjaman uang makan ,0
pemerintah swab pcr coba kena covid mati swab ,0
covid hidup da ngatur ,0
pusing ,0
si hilang ,0
biyar demo demo ,0
ppkm bisnis ea nama ppkm jalan mobil jalan ppkm bisnis tu rakyat klu ppkm mati ko kasihan rakyat ea ,0
pergi jawa uang aturan kayak coba peduli rakyat ravid  ppkm kayak beli makan beli kertas ravid doank iya ampun rakyat ,0
ayo ayo ,0
lonjakan wna ,0
indonesia aturan ,0
gaji ppkm orang orang susah mencari uang pandemi pandemi hilang negeri ,2
susah orang tulang keluarga da uang istri iya ,0
kumaha sia ,0
uang uang uang uang ,0
penjahat kelamin presiden rakyat covid pemerintah pejabat2 kaya takut mati harta ppkm presiden bikin orang kehilangan pekerjaan orang rakyat ,0
presiden ajoor ,0
aturan ,0
ppkm setuju biar jual negara indonesia  ganti orang ,0
perpanjang perpanjang lh ,0
semuaya jowo iya bawa bawa buka presiden penjahat kelamin jokowi ,0
ganti ppkm cabe jokowi ,0
presiden rakyat indonesia ppkm cari makan susah ,1
cina ,0
diperpanjang ppkm pelan pelan mati urusan biar mata oknum2 rakyat ,0
hak warga rakyat phk tka cina masuk indonesia ,1
kasih makan rakyat ,0
jokowi bantuan supir supir ppkm ,0
wis ,0
lanjutkan ajja bos ,0
bikin rakyat pemimpin akn pertanggung rakyat allah akn dn mmbuat  akn didunia akn dn pemimpin allah ,1
ora bah bah ,0
so bakso ,0
serah lh ,0
masal ,0
tanggal ppkm ppkm warga lomba adakan lomba bertahan hidup hidup sulit hidup sengsara hidup kehilangan pekerjaan hidup kehilangan mati mati kelaparan kejahatan semoga indonesia sulit mari prokes ,0
bos karyawan jalan tertawa enak pegawai negeri digaji bos makan ppkm ppkm ku rakyat kesusahan ,0
angka covid naek angka naek angka rakyat indonesia pns turun blt ,0
jokowi jualan pinggir jalan diperlakukan mati mati pekit mati ekonomi ,1
ppkm mkan kontrakn g ,0
iya presiden kah mati covid ,0
ppkm ham power kena virus iya lahir dunia virus corona ,0
lihat langsung terima kasih lihat fakta orang sakit mati rs pulang mati ,2
masyarakat sengsara ,0
perpanjang jabatan presiden ,0
puas kambing makan biarin ,0
rakyat beban pinjaman tolong presiden ambil rakyatmu mati kelaparan usaha boro boro makan susah tolong presiden wakil dpr jeritan rakyatmu rakyatmu ,0
lanjutkan ppkm persetan manusia2 bodoh keluyuran sehat manusia2 ekonomi susah ,0
si planga plongo tangan iya we ,0
